customerid,age,gender,maritalstatus,incomelevel,churnstatus,total_spent,avg_spent,num_transactions,last_transaction_date,recency_days,tickets_count,last_ticket_date
1,62,M,Single,Low,0,416.5,416.5,1,2022-03-27,279,1.0,2022-03-31
2,65,M,Married,Low,1,1547.4199999999998,221.05999999999997,7,2022-11-19,42,1.0,2022-03-17
3,18,M,Single,Low,0,1702.98,283.83,6,2022-10-08,84,1.0,2022-08-24
4,21,M,Widowed,Low,0,917.29,183.458,5,2022-12-27,4,2.0,2022-11-18
5,21,M,Divorced,Medium,0,2001.49,250.18625,8,2022-12-21,10,,
6,57,F,Divorced,Medium,0,1164.29,232.858,5,2022-10-29,63,1.0,2022-05-05
7,27,F,Married,High,0,86.73,86.73,1,2022-10-24,68,,
8,37,M,Single,Low,1,2046.88,292.4114285714286,7,2022-11-09,52,2.0,2022-09-13
9,39,M,Divorced,High,0,1317.24,263.448,5,2022-10-19,73,1.0,2022-08-15
10,68,M,Married,High,1,1397.36,199.62285714285713,7,2022-10-31,61,,
11,54,M,Divorced,Medium,0,1733.83,346.76599999999996,5,2022-12-14,17,2.0,2022-10-28
12,41,F,Married,Low,0,87.1,87.1,1,2022-11-02,59,2.0,2022-11-29
13,24,F,Divorced,Low,0,392.02,130.67333333333332,3,2022-09-27,95,1.0,2022-07-27
14,42,M,Widowed,Medium,0,2843.59,315.95444444444445,9,2022-11-08,53,2.0,2022-07-29
15,42,M,Divorced,Medium,0,1914.02,239.2525,8,2022-12-16,15,2.0,2022-10-18
16,30,F,Single,Medium,1,2019.79,224.42111111111112,9,2022-12-14,17,2.0,2022-09-08
17,19,M,Married,Low,0,1625.27,232.18142857142857,7,2022-11-24,37,2.0,2022-05-11
18,56,F,Married,High,1,951.3800000000001,190.276,5,2022-08-30,123,1.0,2022-11-08
19,57,F,Divorced,High,0,1017.26,203.452,5,2022-12-22,9,2.0,2022-11-28
20,41,M,Single,Low,0,2775.85,308.42777777777775,9,2022-12-17,14,1.0,2022-07-19
21,64,M,Divorced,High,0,913.02,182.60399999999998,5,2022-08-02,151,,
22,42,F,Divorced,Low,0,1582.73,263.78833333333336,6,2022-10-19,73,2.0,2022-08-06
23,35,F,Divorced,Low,0,1490.74,372.685,4,2022-11-07,54,2.0,2022-03-18
24,55,M,Widowed,Medium,0,1143.22,228.644,5,2022-12-12,19,1.0,2022-11-02
25,43,F,Married,Low,0,764.77,254.92333333333332,3,2022-10-07,85,1.0,2022-12-06
26,31,M,Single,Medium,1,571.76,190.58666666666667,3,2022-12-28,3,1.0,2022-12-12
27,26,M,Widowed,Medium,0,2210.6,276.325,8,2022-11-10,51,1.0,2022-06-13
28,27,F,Widowed,High,0,1702.26,283.71,6,2022-12-18,13,2.0,2022-12-01
29,38,F,Divorced,Medium,0,853.0699999999999,284.3566666666666,3,2022-09-24,98,2.0,2022-09-13
30,69,M,Divorced,High,0,706.66,353.33,2,2022-09-17,105,2.0,2022-10-16
31,34,M,Divorced,Low,0,1108.56,221.712,5,2022-12-09,22,2.0,2022-06-18
32,69,F,Married,High,0,1225.52,245.10399999999998,5,2022-10-04,88,,
33,23,M,Divorced,High,1,689.0,344.5,2,2022-11-07,54,1.0,2022-05-30
34,33,M,Widowed,High,0,1886.4,209.60000000000002,9,2022-12-22,9,2.0,2022-07-02
35,65,M,Married,Low,0,779.8399999999999,259.94666666666666,3,2022-09-08,114,1.0,2022-07-07
36,18,F,Widowed,Low,0,1321.5500000000002,220.25833333333335,6,2022-10-27,65,1.0,2022-10-28
37,36,F,Married,Medium,0,3166.88,351.8755555555556,9,2022-12-07,24,1.0,2022-03-20
38,53,F,Married,Low,0,874.86,291.62,3,2022-12-05,26,1.0,2022-03-25
39,42,M,Married,Medium,0,1191.94,238.388,5,2022-12-11,20,,
40,67,F,Widowed,Low,0,1578.3500000000001,225.47857142857146,7,2022-08-02,151,1.0,2022-11-23
41,69,F,Married,High,1,363.22,181.61,2,2022-02-15,319,1.0,2022-02-26
42,47,M,Widowed,Medium,0,530.61,176.87,3,2022-10-21,71,,
43,37,M,Single,Low,0,2213.63,316.23285714285714,7,2022-11-02,59,2.0,2022-11-16
44,37,F,Widowed,Low,0,687.8199999999999,229.2733333333333,3,2022-11-23,38,1.0,2022-04-18
45,32,F,Widowed,Low,0,300.42,300.42,1,2022-12-23,8,1.0,2022-06-25
46,57,F,Married,High,1,134.67,134.67,1,2022-08-20,133,,
47,50,F,Married,Medium,0,1466.37,209.48142857142855,7,2022-11-19,42,,
48,19,M,Divorced,Medium,0,1597.29,228.18428571428572,7,2022-12-09,22,,
49,27,F,Single,Medium,0,641.48,213.82666666666668,3,2022-06-07,207,,
50,50,F,Single,Low,0,1514.62,378.655,4,2022-12-09,22,2.0,2022-11-03
51,49,M,Divorced,Medium,1,549.86,183.28666666666666,3,2022-07-20,164,,
52,28,M,Widowed,Medium,0,401.25,401.25,1,2022-02-17,317,,
53,41,F,Widowed,Low,0,1255.34,179.3342857142857,7,2022-12-28,3,,
54,53,F,Married,Low,0,461.21000000000004,230.60500000000002,2,2022-07-04,180,2.0,2022-11-21
55,29,F,Single,Low,0,1129.35,225.86999999999998,5,2022-09-06,116,,
56,68,F,Married,Low,0,1443.46,288.692,5,2022-12-15,16,,
57,46,F,Divorced,High,0,597.75,199.25,3,2022-11-28,33,1.0,2022-12-07
58,52,M,Single,High,0,2215.82,369.30333333333334,6,2022-11-18,43,2.0,2022-07-17
59,18,M,Married,Medium,0,292.51,97.50333333333333,3,2022-12-01,30,,
60,18,F,Single,High,0,781.09,195.2725,4,2022-12-20,11,2.0,2022-06-08
61,54,M,Single,Low,1,678.97,226.32333333333335,3,2022-10-11,81,1.0,2022-04-10
62,23,F,Married,High,0,840.0,210.0,4,2022-11-26,35,2.0,2022-12-27
63,56,M,Married,Low,0,2205.11,245.01222222222225,9,2022-12-13,18,,
64,58,F,Single,High,0,965.21,321.7366666666667,3,2022-12-18,13,,
65,35,F,Divorced,Low,0,1359.8899999999999,271.97799999999995,5,2022-11-17,44,,
66,33,M,Widowed,Medium,0,1409.11,176.13875,8,2022-12-21,10,,
67,22,F,Single,Medium,0,701.76,175.44,4,2022-11-09,52,2.0,2022-05-21
68,59,F,Divorced,High,1,886.4799999999999,221.61999999999998,4,2022-11-06,55,2.0,2022-06-06
69,60,F,Single,Low,0,1038.53,259.6325,4,2022-12-04,27,1.0,2022-10-05
70,49,F,Married,Medium,0,2453.98,350.56857142857143,7,2022-12-13,18,,
71,19,F,Divorced,Low,1,474.59000000000003,158.1966666666667,3,2022-11-03,58,2.0,2022-04-13
72,19,F,Divorced,High,1,1080.4,180.0666666666667,6,2022-11-22,39,2.0,2022-01-08
73,57,M,Single,Low,1,2254.22,250.46888888888887,9,2022-11-16,45,1.0,2022-08-15
74,59,M,Widowed,Low,0,2083.79,260.47375,8,2022-08-27,126,1.0,2022-03-02
75,53,F,Single,High,1,769.97,192.4925,4,2022-12-31,0,1.0,2022-08-21
76,56,F,Widowed,Medium,1,883.92,220.98,4,2022-12-07,24,2.0,2022-11-18
77,29,M,Divorced,High,0,1797.06,224.6325,8,2022-12-04,27,,
78,64,M,Widowed,Low,0,816.89,272.2966666666667,3,2022-04-16,259,1.0,2022-11-23
79,36,M,Married,High,1,931.3199999999999,310.44,3,2022-12-14,17,1.0,2022-01-28
80,45,M,Widowed,High,0,110.82,110.82,1,2022-04-05,270,,
81,18,F,Widowed,Low,1,2181.77,272.72125,8,2022-08-31,122,,
82,32,F,Divorced,High,0,232.38,232.38,1,2022-02-01,333,,
83,53,M,Widowed,Medium,0,1419.9199999999998,236.6533333333333,6,2022-10-15,77,2.0,2022-04-22
84,30,M,Divorced,Medium,0,1545.91,309.182,5,2022-12-15,16,,
85,60,M,Married,High,0,1690.08,187.78666666666666,9,2022-12-06,25,,
86,38,M,Married,Low,0,1674.6599999999999,239.23714285714283,7,2022-12-02,29,,
87,29,F,Single,High,0,1411.84,282.368,5,2022-12-26,5,2.0,2022-12-10
88,22,M,Single,High,0,447.34000000000003,223.67000000000002,2,2022-08-13,140,,
89,24,M,Single,Medium,0,1951.99,278.85571428571427,7,2022-10-12,80,,
90,22,M,Married,Medium,0,1229.96,204.99333333333334,6,2022-12-30,1,1.0,2022-09-04
91,65,F,Widowed,Low,0,1804.74,200.52666666666667,9,2022-10-28,64,2.0,2022-05-24
92,21,F,Divorced,Low,0,2265.28,283.16,8,2022-12-09,22,2.0,2022-10-06
93,30,F,Married,Low,0,848.07,169.614,5,2022-12-10,21,2.0,2022-10-07
94,54,M,Widowed,High,0,1113.6100000000001,371.2033333333334,3,2022-12-29,2,,
95,58,F,Single,High,0,677.27,225.75666666666666,3,2022-11-07,54,1.0,2022-07-30
96,32,F,Divorced,High,0,161.84,161.84,1,2022-08-24,129,2.0,2022-02-20
97,33,M,Single,High,0,553.65,276.825,2,2022-09-11,111,2.0,2022-08-11
98,38,F,Divorced,Low,0,893.76,178.752,5,2022-11-11,50,1.0,2022-11-28
99,53,M,Widowed,Low,0,889.75,177.95,5,2022-11-09,52,,
100,41,F,Married,Low,1,1108.56,277.14,4,2022-12-27,4,2.0,2022-12-01
101,33,F,Single,High,0,492.35,492.35,1,2022-06-08,206,2.0,2022-10-21
102,31,M,Married,High,0,2029.96,338.32666666666665,6,2022-12-30,1,2.0,2022-10-30
103,39,M,Widowed,Low,0,2297.73,255.30333333333334,9,2022-12-20,11,2.0,2022-12-25
104,66,F,Widowed,Medium,1,2666.84,296.3155555555556,9,2022-12-19,12,2.0,2022-04-22
105,67,F,Widowed,Low,0,1863.6,232.95,8,2022-12-20,11,2.0,2022-10-16
106,23,M,Married,High,0,875.08,291.6933333333333,3,2022-11-29,32,2.0,2022-05-21
107,59,F,Married,High,1,1542.76,257.12666666666667,6,2022-11-26,35,,
108,53,M,Divorced,Low,1,494.30999999999995,247.15499999999997,2,2022-10-18,74,2.0,2022-11-13
109,18,M,Married,Medium,0,1274.7,212.45000000000002,6,2022-12-24,7,2.0,2022-12-11
110,49,M,Married,Medium,1,723.0,241.0,3,2022-11-13,48,2.0,2022-12-05
111,23,F,Widowed,High,1,613.1800000000001,306.59000000000003,2,2022-10-09,83,1.0,2022-03-05
112,48,F,Divorced,High,0,750.17,250.05666666666664,3,2022-12-29,2,1.0,2022-03-09
113,18,F,Married,High,0,1834.01,262.00142857142856,7,2022-10-19,73,1.0,2022-08-16
114,67,F,Married,Low,0,2133.28,266.66,8,2022-12-04,27,,
115,68,F,Widowed,High,0,653.62,130.724,5,2022-09-22,100,,
116,54,M,Married,High,0,1504.28,214.89714285714285,7,2022-12-20,11,1.0,2022-05-26
117,52,F,Widowed,High,0,448.48,224.24,2,2022-12-27,4,,
118,66,M,Divorced,Medium,0,1625.39,270.89833333333337,6,2022-12-18,13,1.0,2022-02-02
119,47,M,Widowed,Medium,1,2012.3300000000002,251.54125000000002,8,2022-11-04,57,2.0,2022-02-26
120,21,F,Widowed,High,0,1168.79,194.79833333333332,6,2022-12-29,2,2.0,2022-11-07
121,52,M,Divorced,Medium,0,1073.01,214.602,5,2022-11-22,39,2.0,2022-12-06
122,60,F,Single,Medium,1,2825.52,313.94666666666666,9,2022-12-16,15,1.0,2022-04-01
123,31,M,Widowed,Medium,1,938.58,312.86,3,2022-12-16,15,2.0,2022-11-11
124,66,M,Married,Medium,0,2283.88,326.2685714285714,7,2022-11-27,34,2.0,2022-12-25
125,57,M,Widowed,Low,0,744.89,372.445,2,2022-08-30,123,,
126,39,F,Divorced,Medium,0,2323.02,258.11333333333334,9,2022-11-12,49,,
127,27,F,Married,Medium,0,1976.17,247.02125,8,2022-12-31,0,1.0,2022-04-28
128,18,F,Divorced,Medium,1,630.2,315.1,2,2022-05-06,239,2.0,2022-08-17
129,28,F,Widowed,Medium,0,243.55,121.775,2,2022-11-29,32,1.0,2022-05-10
130,68,M,Divorced,Low,0,552.23,276.115,2,2022-11-07,54,1.0,2022-09-06
131,61,F,Divorced,Low,0,2726.7,340.8375,8,2022-10-05,87,1.0,2022-12-03
132,41,F,Single,High,0,1879.94,208.88222222222223,9,2022-10-19,73,,
133,20,M,Widowed,Medium,0,896.27,224.0675,4,2022-08-29,124,1.0,2022-08-12
134,52,M,Widowed,Medium,0,1570.08,261.68,6,2022-12-29,2,1.0,2022-04-26
135,53,F,Widowed,High,0,441.75,220.875,2,2022-05-24,221,,
136,48,M,Widowed,Low,0,419.86,209.93,2,2022-12-30,1,,
137,21,F,Married,High,1,431.47,431.47,1,2022-06-19,195,,
138,36,M,Divorced,Low,0,2804.65,350.58125,8,2022-10-10,82,1.0,2022-02-28
139,64,F,Widowed,High,0,2045.49,292.21285714285716,7,2022-07-22,162,2.0,2022-07-18
140,53,M,Married,High,0,1024.23,341.41,3,2022-09-12,110,1.0,2022-04-27
141,38,F,Widowed,Medium,0,2483.75,354.82142857142856,7,2022-12-04,27,2.0,2022-05-23
142,35,M,Divorced,High,0,1391.99,278.398,5,2022-11-30,31,1.0,2022-03-04
143,68,F,Widowed,Low,0,343.27,171.635,2,2022-03-08,298,1.0,2022-12-07
144,45,F,Married,Low,1,419.85,419.85,1,2022-10-27,65,1.0,2022-07-15
145,32,F,Married,High,0,1768.7,353.74,5,2022-12-18,13,2.0,2022-10-27
146,59,F,Divorced,Low,0,1373.73,274.746,5,2022-12-24,7,,
147,19,F,Widowed,High,0,2260.34,282.5425,8,2022-11-27,34,2.0,2022-11-19
148,54,F,Married,Medium,0,13.04,13.04,1,2022-12-03,28,2.0,2022-06-12
149,28,M,Single,Medium,0,444.84,444.84,1,2022-04-28,247,1.0,2022-03-15
150,40,F,Widowed,Medium,0,1193.26,149.1575,8,2022-12-13,18,,
151,61,M,Single,Medium,0,334.2,334.2,1,2022-12-20,11,2.0,2022-11-21
152,58,F,Married,High,0,1448.8,206.97142857142856,7,2022-12-13,18,,
153,29,M,Married,Low,0,1735.16,347.03200000000004,5,2022-10-10,82,1.0,2022-08-04
154,20,F,Divorced,High,0,1753.55,250.50714285714284,7,2022-08-14,139,,
155,69,M,Divorced,Low,0,1883.08,235.385,8,2022-10-19,73,2.0,2022-11-24
156,34,F,Widowed,High,0,702.9200000000001,100.41714285714286,7,2022-06-25,189,,
157,50,M,Married,Low,0,2412.6800000000003,344.66857142857145,7,2022-11-09,52,,
158,18,F,Married,Low,0,1471.29,210.18428571428572,7,2022-10-21,71,,
159,56,M,Married,High,0,25.75,25.75,1,2022-03-30,276,2.0,2022-04-12
160,37,M,Married,Medium,1,2053.13,256.64125,8,2022-12-13,18,2.0,2022-07-19
161,64,M,Single,High,0,1983.84,330.64,6,2022-09-01,121,1.0,2022-06-26
162,60,F,Married,Medium,0,425.88,141.96,3,2022-08-16,137,2.0,2022-11-27
163,69,M,Divorced,High,0,1064.88,354.96000000000004,3,2022-12-07,24,2.0,2022-10-15
164,58,F,Widowed,Low,1,955.49,191.098,5,2022-10-19,73,1.0,2022-12-06
165,31,F,Widowed,Medium,0,181.34,181.34,1,2022-10-07,85,,
166,48,F,Widowed,Low,0,1241.5,248.3,5,2022-12-08,23,1.0,2022-11-12
167,42,F,Single,Low,0,2356.35,294.54375,8,2022-12-27,4,1.0,2022-12-04
168,20,M,Married,Low,1,1126.93,281.7325,4,2022-05-21,224,2.0,2022-09-16
169,21,F,Widowed,High,0,2164.75,240.52777777777777,9,2022-12-15,16,1.0,2022-07-09
170,48,M,Divorced,Low,1,1448.33,206.9042857142857,7,2022-12-22,9,1.0,2022-01-05
171,52,F,Single,High,0,2532.71,361.8157142857143,7,2022-09-21,101,1.0,2022-09-16
172,61,M,Married,Medium,0,1972.76,328.79333333333335,6,2022-11-26,35,2.0,2022-07-01
173,31,F,Married,Low,0,606.09,202.03,3,2022-10-10,82,1.0,2022-11-14
174,66,F,Married,Medium,1,1801.46,257.3514285714286,7,2022-12-08,23,1.0,2022-03-30
175,58,M,Married,Medium,0,1218.9,174.12857142857143,7,2022-10-30,62,2.0,2022-03-20
176,26,F,Single,High,1,936.78,156.13,6,2022-12-18,13,,
177,37,F,Divorced,Medium,0,429.79,429.79,1,2022-09-12,110,1.0,2022-02-09
178,49,F,Married,High,0,741.63,247.21,3,2022-12-15,16,,
179,26,F,Single,High,0,412.58000000000004,206.29000000000002,2,2022-02-22,312,,
180,44,F,Single,Medium,0,1985.93,283.70428571428573,7,2022-12-12,19,,
181,20,F,Divorced,Medium,0,715.6800000000001,357.84000000000003,2,2022-12-11,20,,
182,21,F,Single,Medium,0,1491.65,298.33000000000004,5,2022-10-23,69,2.0,2022-11-25
183,62,F,Single,High,1,1135.44,378.48,3,2022-10-23,69,1.0,2022-02-03
184,32,M,Widowed,High,0,97.19,48.595,2,2022-09-26,96,,
185,50,F,Widowed,Medium,0,1284.89,214.14833333333334,6,2022-12-17,14,2.0,2022-10-22
186,22,M,Divorced,High,0,460.87,153.62333333333333,3,2022-06-14,200,,
187,21,F,Widowed,Medium,0,513.26,256.63,2,2022-11-11,50,2.0,2022-11-17
188,63,M,Single,High,0,1768.25,294.7083333333333,6,2022-12-01,30,2.0,2022-09-13
189,29,M,Single,High,0,574.4699999999999,191.48999999999998,3,2022-07-04,180,2.0,2022-09-03
190,40,M,Divorced,Low,1,1417.97,202.56714285714287,7,2022-11-02,59,1.0,2022-06-08
191,31,F,Single,Low,0,1942.65,277.5214285714286,7,2022-11-15,46,2.0,2022-03-29
192,63,F,Divorced,Medium,0,1172.53,390.8433333333333,3,2022-12-08,23,2.0,2022-11-26
193,29,M,Widowed,Low,0,270.34,270.34,1,2022-07-29,155,2.0,2022-10-16
194,34,F,Widowed,High,0,1388.97,277.794,5,2022-09-12,110,,
195,42,F,Married,Medium,0,1711.71,285.285,6,2022-07-09,175,2.0,2022-09-16
196,47,M,Widowed,Low,0,2134.16,266.77,8,2022-12-22,9,2.0,2022-04-27
197,39,F,Married,Medium,1,925.4300000000001,231.35750000000002,4,2022-12-08,23,2.0,2022-07-15
198,64,M,Married,Medium,0,1461.25,208.75,7,2022-11-23,38,,
199,43,M,Married,High,0,1270.25,211.70833333333334,6,2022-11-21,40,2.0,2022-11-16
200,34,F,Single,Low,0,1702.06,283.6766666666667,6,2022-11-04,57,2.0,2022-11-16
201,37,M,Married,High,1,956.5799999999999,318.85999999999996,3,2022-03-16,290,2.0,2022-08-21
202,51,F,Widowed,Medium,0,336.18,336.18,1,2022-06-14,200,2.0,2022-09-14
203,58,F,Divorced,Medium,0,1767.9,294.65000000000003,6,2022-12-18,13,2.0,2022-08-28
204,50,F,Widowed,Medium,0,454.14,227.07,2,2022-08-15,138,2.0,2022-07-07
205,54,F,Divorced,Low,0,741.9699999999999,185.49249999999998,4,2022-12-24,7,,
206,24,M,Widowed,High,0,99.58,99.58,1,2022-09-13,109,,
207,39,F,Divorced,High,0,1799.17,224.89625,8,2022-11-26,35,,
208,49,F,Widowed,Low,0,436.89,218.445,2,2022-03-13,293,,
209,31,F,Divorced,High,0,1328.06,332.015,4,2022-12-05,26,,
210,25,M,Married,High,0,1727.27,246.75285714285715,7,2022-10-19,73,,
211,42,M,Divorced,Medium,0,1222.21,203.70166666666668,6,2022-12-17,14,,
212,33,F,Married,Medium,0,1047.61,149.6585714285714,7,2022-12-28,3,1.0,2022-11-01
213,59,F,Widowed,Medium,1,2092.89,298.9842857142857,7,2022-12-25,6,1.0,2022-01-13
214,36,F,Divorced,Low,0,734.1,367.05,2,2022-03-11,295,,
215,58,F,Divorced,Medium,0,1343.7,223.95000000000002,6,2022-12-15,16,2.0,2022-11-24
216,33,F,Widowed,High,0,1570.8600000000001,314.172,5,2022-10-18,74,2.0,2022-12-13
217,29,M,Married,Low,1,2576.78,322.0975,8,2022-11-25,36,1.0,2022-04-03
218,56,F,Married,High,0,1766.57,252.36714285714285,7,2022-12-18,13,,
219,65,M,Single,Low,0,1624.32,406.08,4,2022-10-06,86,,
220,47,M,Single,High,0,1030.46,343.4866666666667,3,2022-07-26,158,,
221,19,F,Single,Low,1,1277.29,319.3225,4,2022-05-04,241,1.0,2022-05-21
222,49,M,Divorced,High,0,1702.45,243.20714285714286,7,2022-12-12,19,,
223,62,F,Divorced,Medium,0,1736.26,289.37666666666667,6,2022-11-12,49,1.0,2022-08-21
224,42,M,Divorced,Low,0,2520.32,315.04,8,2022-11-22,39,,
225,42,M,Widowed,High,0,2650.29,331.28625,8,2022-12-24,7,2.0,2022-05-11
226,21,F,Single,High,0,1461.18,208.74,7,2022-12-16,15,1.0,2022-01-21
227,36,M,Widowed,High,1,1250.35,178.62142857142857,7,2022-12-20,11,,
228,65,F,Single,High,0,2185.36,364.2266666666667,6,2022-07-06,178,2.0,2022-08-04
229,21,F,Single,Medium,0,2559.03,284.3366666666667,9,2022-09-11,111,1.0,2022-08-12
230,60,F,Divorced,Medium,1,1468.07,244.6783333333333,6,2022-11-26,35,2.0,2022-09-09
231,30,F,Married,Low,1,1353.42,338.355,4,2022-12-26,5,,
232,56,F,Single,Low,0,2082.19,260.27375,8,2022-11-06,55,2.0,2022-11-24
233,53,F,Married,High,0,817.4200000000001,272.47333333333336,3,2022-11-14,47,2.0,2022-10-09
234,40,M,Widowed,Low,1,1576.7,197.0875,8,2022-10-01,91,,
235,23,M,Divorced,High,0,770.5,256.8333333333333,3,2022-09-28,94,2.0,2022-07-11
236,41,F,Single,Low,1,1482.99,247.165,6,2022-12-18,13,2.0,2022-07-08
237,61,M,Divorced,Low,1,398.99,398.99,1,2022-02-01,333,,
238,50,M,Widowed,High,1,762.4399999999999,254.14666666666665,3,2022-10-29,63,1.0,2022-07-07
239,29,F,Married,Medium,1,2654.84,294.9822222222222,9,2022-12-12,19,1.0,2022-11-05
240,58,M,Divorced,High,0,859.47,429.735,2,2022-11-26,35,1.0,2022-03-24
241,38,F,Divorced,Medium,0,2185.9300000000003,242.88111111111115,9,2022-09-26,96,1.0,2022-05-29
242,28,F,Single,Low,1,726.73,242.24333333333334,3,2022-11-15,46,2.0,2022-09-24
243,61,M,Married,Medium,0,2362.18,262.46444444444444,9,2022-11-21,40,1.0,2022-12-18
244,55,F,Widowed,High,0,1649.9,235.70000000000002,7,2022-12-08,23,2.0,2022-09-10
245,46,F,Single,Low,0,2965.09,329.45444444444445,9,2022-11-11,50,,
246,65,F,Divorced,Medium,0,1171.1399999999999,292.78499999999997,4,2022-11-27,34,1.0,2022-09-30
247,58,F,Divorced,Medium,0,1887.6799999999998,269.6685714285714,7,2022-10-06,86,2.0,2022-10-23
248,20,M,Married,High,1,1519.1399999999999,303.828,5,2022-11-21,40,1.0,2022-06-26
249,45,F,Widowed,Low,0,356.39,356.39,1,2022-01-27,338,1.0,2022-01-13
250,37,M,Widowed,Low,0,1607.36,229.62285714285713,7,2022-12-28,3,1.0,2022-04-15
251,43,F,Divorced,Medium,1,1968.79,281.2557142857143,7,2022-12-05,26,1.0,2022-10-13
252,41,M,Widowed,Medium,1,980.71,245.1775,4,2022-07-28,156,,
253,69,M,Single,Medium,0,1319.11,263.822,5,2022-12-01,30,1.0,2022-07-22
254,64,F,Married,Low,1,2220.26,246.6955555555556,9,2022-12-09,22,2.0,2022-07-28
255,38,M,Divorced,Medium,0,2672.69,381.8128571428571,7,2022-12-28,3,1.0,2022-04-16
256,47,F,Widowed,Medium,0,208.67,208.67,1,2022-10-07,85,2.0,2022-08-10
257,21,F,Widowed,Low,0,92.62,92.62,1,2022-01-22,343,1.0,2022-12-24
258,53,M,Single,Low,0,832.85,208.2125,4,2022-11-06,55,2.0,2022-11-08
259,57,M,Widowed,High,0,1469.67,244.94500000000002,6,2022-10-22,70,1.0,2022-06-06
260,27,M,Single,Low,1,2395.72,299.465,8,2022-10-31,61,1.0,2022-12-26
261,27,M,Married,Low,1,489.07,489.07,1,2022-05-31,214,1.0,2022-05-30
262,59,F,Divorced,High,1,2940.59,326.7322222222222,9,2022-12-05,26,2.0,2022-04-18
263,41,M,Single,Low,0,13.04,13.04,1,2022-11-10,51,2.0,2022-07-07
264,21,F,Widowed,High,0,525.02,262.51,2,2022-07-23,161,1.0,2022-03-05
265,64,M,Widowed,Low,0,1511.8700000000001,302.374,5,2022-08-28,125,,
266,44,M,Married,High,0,459.39,459.39,1,2022-04-21,254,1.0,2022-12-02
267,68,F,Single,Medium,0,461.36,153.78666666666666,3,2022-11-23,38,1.0,2022-10-04
268,62,M,Divorced,Medium,0,1096.16,219.23200000000003,5,2022-11-13,48,,
269,21,F,Widowed,Medium,0,2123.87,235.98555555555555,9,2022-12-12,19,2.0,2022-05-19
270,49,M,Single,High,0,734.74,244.91333333333333,3,2022-11-24,37,1.0,2022-03-16
271,27,M,Widowed,Medium,1,865.97,288.6566666666667,3,2022-12-25,6,,
272,28,F,Divorced,Low,1,1170.04,146.255,8,2022-09-19,103,2.0,2022-12-18
273,45,F,Single,High,0,1562.83,223.26142857142855,7,2022-12-03,28,,
274,63,F,Widowed,Low,0,1117.33,279.3325,4,2022-08-21,132,1.0,2022-06-08
275,25,F,Divorced,Low,0,605.79,201.92999999999998,3,2022-06-06,208,2.0,2022-05-30
276,57,F,Single,Low,1,2069.7,295.6714285714285,7,2022-09-30,92,,
277,39,F,Single,High,0,1217.78,202.96333333333334,6,2022-11-06,55,,
278,51,F,Married,Low,0,1423.1,284.62,5,2022-08-23,130,1.0,2022-08-06
279,62,M,Divorced,Medium,0,1209.94,302.485,4,2022-06-22,192,1.0,2022-04-13
280,52,F,Single,High,0,836.33,209.0825,4,2022-11-16,45,2.0,2022-06-11
281,52,M,Married,Medium,0,1563.95,195.49375,8,2022-09-17,105,1.0,2022-07-23
282,42,M,Single,High,1,2016.68,403.336,5,2022-12-04,27,1.0,2022-10-25
283,51,F,Widowed,Low,1,1362.8600000000001,272.572,5,2022-12-10,21,,
284,23,M,Married,Medium,0,1683.1299999999999,280.52166666666665,6,2022-07-29,155,,
285,58,M,Single,High,0,1026.5900000000001,205.31800000000004,5,2022-12-15,16,,
286,54,F,Widowed,Low,1,512.1899999999999,256.09499999999997,2,2022-12-07,24,2.0,2022-10-16
287,18,M,Widowed,Low,0,615.0699999999999,307.53499999999997,2,2022-12-14,17,2.0,2022-12-04
288,29,F,Widowed,High,0,2217.85,277.23125,8,2022-11-28,33,2.0,2022-11-17
289,52,M,Married,High,0,30.48,30.48,1,2022-06-08,206,,
290,23,M,Widowed,High,0,403.33,403.33,1,2022-12-25,6,1.0,2022-12-21
291,34,F,Divorced,High,0,1572.74,262.12333333333333,6,2022-10-16,76,2.0,2022-08-18
292,26,M,Single,Medium,0,2429.7,303.7125,8,2022-12-20,11,2.0,2022-04-27
293,19,M,Divorced,High,0,209.68,209.68,1,2022-04-29,246,,
294,35,F,Widowed,Low,0,1882.08,313.68,6,2022-12-01,30,1.0,2022-09-08
295,66,F,Widowed,Medium,0,960.99,320.33,3,2022-09-05,117,,
296,53,M,Divorced,Low,0,261.24,261.24,1,2022-06-07,207,1.0,2022-03-27
297,45,M,Married,Low,0,1714.0900000000001,214.26125000000002,8,2022-09-23,99,,
298,58,F,Widowed,High,0,1305.25,217.54166666666666,6,2022-07-28,156,1.0,2022-11-07
299,54,M,Widowed,Medium,0,9.8,9.8,1,2022-11-21,40,2.0,2022-06-03
300,66,F,Divorced,High,0,926.5300000000001,231.63250000000002,4,2022-08-05,148,2.0,2022-11-03
301,43,F,Widowed,Low,0,1298.95,216.49166666666667,6,2022-12-12,19,1.0,2022-09-30
302,21,M,Widowed,High,0,925.58,231.395,4,2022-10-01,91,2.0,2022-09-29
303,57,F,Married,High,0,948.96,316.32,3,2022-05-08,237,1.0,2022-08-23
304,53,F,Married,High,0,695.73,231.91,3,2022-09-17,105,1.0,2022-12-08
305,68,M,Married,High,0,288.26,288.26,1,2022-06-17,197,,
306,48,F,Married,High,0,2285.6,253.95555555555555,9,2022-12-06,25,,
307,47,M,Married,High,0,1416.68,354.17,4,2022-12-19,12,1.0,2022-03-16
308,67,M,Widowed,Medium,0,1791.69,255.9557142857143,7,2022-12-18,13,,
309,51,M,Single,High,0,1400.5,280.1,5,2022-10-30,62,1.0,2022-12-28
310,36,F,Widowed,Medium,0,1058.14,264.535,4,2022-12-14,17,,
311,35,M,Widowed,High,1,592.9,118.58,5,2022-09-25,97,2.0,2022-06-07
312,47,M,Single,Medium,0,283.16,141.58,2,2022-03-23,283,2.0,2022-03-22
313,38,M,Divorced,Low,0,34.91,34.91,1,2022-10-24,68,,
314,20,M,Single,Medium,0,536.29,268.145,2,2022-10-25,67,1.0,2022-08-03
315,23,F,Married,Medium,1,601.31,300.655,2,2022-11-10,51,1.0,2022-01-17
316,55,F,Widowed,Low,0,649.71,81.21375,8,2022-09-24,98,,
317,30,M,Married,High,0,467.83,155.94333333333333,3,2022-07-12,172,2.0,2022-05-21
318,62,F,Single,High,0,2145.44,268.18,8,2022-12-21,10,,
319,20,F,Divorced,Medium,0,477.46,477.46,1,2022-08-15,138,,
320,65,F,Divorced,High,0,823.75,411.875,2,2022-12-19,12,2.0,2022-02-28
321,45,M,Widowed,High,0,2007.24,223.02666666666667,9,2022-12-05,26,2.0,2022-11-27
322,39,F,Single,Low,0,61.98,61.98,1,2022-06-03,211,2.0,2022-10-21
323,57,F,Married,High,1,839.3,209.825,4,2022-12-11,20,1.0,2022-05-07
324,57,F,Married,High,0,1369.7,228.28333333333333,6,2022-11-02,59,2.0,2022-08-24
325,29,F,Divorced,Medium,0,553.79,276.895,2,2022-11-23,38,2.0,2022-11-23
326,40,F,Widowed,High,0,605.89,201.96333333333334,3,2022-09-15,107,,
327,48,M,Single,High,0,403.37,201.685,2,2022-12-29,2,2.0,2022-12-30
328,35,F,Married,Medium,0,848.26,169.652,5,2022-11-28,33,,
329,24,F,Divorced,Medium,0,2361.19,295.14875,8,2022-11-25,36,1.0,2022-06-23
330,25,M,Widowed,Medium,0,2582.54,286.94888888888886,9,2022-11-18,43,,
331,36,M,Divorced,High,0,908.3199999999999,181.664,5,2022-12-21,10,2.0,2022-11-22
332,46,M,Widowed,High,0,1577.44,315.488,5,2022-10-21,71,,
333,61,M,Single,High,0,2439.39,348.4842857142857,7,2022-11-09,52,2.0,2022-12-18
334,37,F,Divorced,High,0,1719.37,286.56166666666667,6,2022-11-22,39,1.0,2022-06-10
335,67,F,Married,High,1,756.52,378.26,2,2022-12-07,24,2.0,2022-10-16
336,59,F,Widowed,High,0,135.94,135.94,1,2022-12-20,11,,
337,47,F,Divorced,Medium,0,608.06,304.03,2,2022-12-25,6,,
338,64,F,Widowed,Medium,0,13.86,13.86,1,2022-11-30,31,,
339,39,M,Divorced,High,0,682.9399999999999,170.73499999999999,4,2022-11-27,34,1.0,2022-03-14
340,27,F,Divorced,Low,0,1147.08,191.17999999999998,6,2022-11-08,53,1.0,2022-02-10
341,43,M,Single,Medium,0,1022.86,170.47666666666666,6,2022-10-02,90,1.0,2022-05-26
342,68,M,Married,High,1,2295.76,327.96571428571434,7,2022-11-24,37,1.0,2022-12-11
343,50,M,Divorced,Medium,0,924.63,308.21,3,2022-06-23,191,2.0,2022-12-27
344,45,F,Single,Low,0,1466.6,244.4333333333333,6,2022-11-05,56,2.0,2022-04-08
345,27,F,Widowed,Medium,0,1980.5,247.5625,8,2022-08-23,130,1.0,2022-08-04
346,46,M,Widowed,Medium,0,1641.62,273.6033333333333,6,2022-11-29,32,1.0,2022-01-08
347,61,M,Divorced,Medium,0,1974.45,219.38333333333333,9,2022-12-21,10,2.0,2022-11-20
348,35,M,Married,Medium,0,704.7,352.35,2,2022-05-25,220,1.0,2022-03-10
349,59,M,Widowed,High,0,1376.54,229.42333333333332,6,2022-09-19,103,2.0,2022-06-13
350,18,M,Divorced,Low,0,2702.27,300.2522222222222,9,2022-12-25,6,1.0,2022-06-09
351,40,M,Widowed,High,1,588.68,294.34,2,2022-08-19,134,1.0,2022-02-21
352,34,F,Single,Medium,0,1493.9,298.78000000000003,5,2022-11-01,60,2.0,2022-12-06
353,60,M,Divorced,Medium,1,266.08,266.08,1,2022-03-15,291,2.0,2022-10-19
354,54,M,Divorced,Medium,0,324.4,108.13333333333333,3,2022-05-02,243,1.0,2022-07-27
355,48,M,Divorced,Low,0,368.57,368.57,1,2022-03-26,280,2.0,2022-10-28
356,42,M,Single,Low,0,2316.37,289.54625,8,2022-12-14,17,,
357,21,M,Divorced,High,0,780.1800000000001,195.04500000000002,4,2022-12-07,24,2.0,2022-08-12
358,69,F,Divorced,Medium,1,2282.8900000000003,253.6544444444445,9,2022-12-20,11,1.0,2022-10-19
359,26,M,Single,Low,0,2154.17,269.27125,8,2022-10-26,66,1.0,2022-05-12
360,45,F,Widowed,Medium,0,1731.26,216.4075,8,2022-11-29,32,2.0,2022-10-25
361,47,M,Single,High,0,2348.41,260.9344444444444,9,2022-12-25,6,,
362,64,M,Married,High,1,469.14,234.57,2,2022-11-04,57,2.0,2022-06-02
363,41,F,Single,Low,0,1514.16,168.24,9,2022-10-28,64,1.0,2022-02-01
364,50,M,Widowed,High,0,286.8,286.8,1,2022-04-29,246,2.0,2022-05-25
365,37,F,Divorced,Low,1,1188.8400000000001,148.60500000000002,8,2022-12-11,20,1.0,2022-06-20
366,26,F,Divorced,Medium,0,2518.16,314.77,8,2022-12-30,1,,
367,25,F,Single,Low,0,2197.79,313.96999999999997,7,2022-12-29,2,1.0,2022-05-03
368,41,F,Married,High,0,1939.2,323.2,6,2022-12-14,17,,
369,31,F,Single,Medium,0,3352.34,372.4822222222222,9,2022-12-08,23,1.0,2022-12-26
370,35,F,Married,High,0,1239.81,206.635,6,2022-12-22,9,2.0,2022-09-25
371,18,M,Single,Medium,0,1454.45,290.89,5,2022-12-28,3,2.0,2022-12-21
372,29,F,Married,Medium,0,35.85,35.85,1,2022-06-25,189,2.0,2022-11-16
373,46,M,Married,Medium,0,267.09,133.545,2,2022-05-09,236,1.0,2022-02-18
374,54,M,Divorced,Medium,0,2143.59,238.17666666666668,9,2022-12-11,20,,
375,43,F,Married,High,0,133.2,133.2,1,2022-04-12,263,1.0,2022-05-01
376,50,F,Divorced,Low,0,1143.8,285.95,4,2022-11-23,38,1.0,2022-06-05
377,60,F,Single,Medium,0,2366.3,295.7875,8,2022-12-25,6,2.0,2022-05-27
378,32,M,Single,High,0,1333.6,333.4,4,2022-11-30,31,2.0,2022-09-07
379,40,F,Single,High,0,1582.08,197.76,8,2022-09-13,109,1.0,2022-10-07
380,46,F,Single,High,0,1172.66,195.44333333333336,6,2022-10-06,86,,
381,38,M,Single,Low,1,1087.62,271.905,4,2022-11-14,47,1.0,2022-02-22
382,36,F,Divorced,High,0,2467.11,274.12333333333333,9,2022-12-15,16,1.0,2022-11-17
383,22,M,Single,High,0,800.5600000000001,200.14000000000001,4,2022-10-07,85,2.0,2022-04-27
384,40,F,Married,Low,0,339.16999999999996,169.58499999999998,2,2022-02-23,311,2.0,2022-11-17
385,53,M,Widowed,High,1,1338.28,334.57,4,2022-05-20,225,,
386,37,F,Divorced,High,0,773.11,193.2775,4,2022-07-22,162,1.0,2022-03-30
387,25,M,Married,Low,0,47.52,47.52,1,2022-12-26,5,2.0,2022-12-02
388,26,F,Widowed,Low,1,1787.4199999999998,223.42749999999998,8,2022-11-27,34,,
389,31,F,Widowed,Low,1,522.89,174.29666666666665,3,2022-08-30,123,,
390,23,M,Divorced,Medium,0,281.95,281.95,1,2022-11-18,43,,
391,18,F,Married,Low,0,1990.15,284.3071428571429,7,2022-11-06,55,,
392,26,F,Widowed,Medium,0,1533.34,219.04857142857142,7,2022-12-17,14,1.0,2022-06-24
393,33,M,Widowed,Medium,0,1960.83,245.10375,8,2022-10-06,86,1.0,2022-01-24
394,33,M,Divorced,Low,0,2346.48,293.31,8,2022-12-25,6,2.0,2022-07-29
395,29,F,Single,Medium,1,680.27,340.135,2,2022-12-17,14,2.0,2022-08-29
396,22,M,Widowed,High,1,865.73,288.57666666666665,3,2022-12-06,25,2.0,2022-05-24
397,57,F,Divorced,High,0,2322.98,258.1088888888889,9,2022-12-17,14,,
398,46,F,Divorced,Low,0,1678.1200000000001,279.68666666666667,6,2022-11-26,35,1.0,2022-09-22
399,63,M,Married,Medium,0,568.35,284.175,2,2022-12-27,4,1.0,2022-08-04
400,44,M,Divorced,High,0,2309.85,288.73125,8,2022-11-24,37,,
401,28,F,Divorced,Medium,0,1273.3600000000001,318.34000000000003,4,2022-11-05,56,2.0,2022-11-02
402,64,M,Single,Medium,1,609.5799999999999,304.78999999999996,2,2022-06-28,186,2.0,2022-04-14
403,67,F,Widowed,High,0,1645.76,235.10857142857142,7,2022-12-17,14,2.0,2022-09-14
404,45,M,Married,Low,1,2787.1,309.67777777777775,9,2022-12-17,14,1.0,2022-01-27
405,69,F,Divorced,Medium,0,508.49,169.49666666666667,3,2022-10-19,73,,
406,53,F,Married,High,0,2017.78,252.2225,8,2022-09-09,113,2.0,2022-09-25
407,59,F,Widowed,Low,1,2722.74,302.52666666666664,9,2022-12-08,23,1.0,2022-03-21
408,36,F,Divorced,Medium,0,2101.4,300.2,7,2022-11-28,33,2.0,2022-09-25
409,52,F,Divorced,Medium,0,1524.8400000000001,169.42666666666668,9,2022-11-12,49,1.0,2022-10-28
410,69,F,Married,Medium,0,1426.2,237.70000000000002,6,2022-10-15,77,1.0,2022-09-26
411,48,F,Single,Medium,1,87.02,87.02,1,2022-04-18,257,,
412,61,M,Widowed,Low,0,184.86,184.86,1,2022-02-17,317,,
413,36,M,Widowed,Medium,0,1592.6100000000001,318.52200000000005,5,2022-05-30,215,2.0,2022-09-09
414,63,M,Widowed,High,0,1497.89,213.98428571428573,7,2022-12-14,17,1.0,2022-07-07
415,41,F,Divorced,High,0,354.64,354.64,1,2022-07-11,173,1.0,2022-02-09
416,19,M,Divorced,High,0,1442.26,288.452,5,2022-11-06,55,2.0,2022-04-27
417,24,M,Divorced,Low,0,873.63,291.21,3,2022-10-27,65,,
418,60,M,Married,High,0,1282.72,427.5733333333333,3,2022-10-16,76,2.0,2022-10-07
419,66,M,Widowed,Medium,1,1254.4299999999998,250.88599999999997,5,2022-11-11,50,,
420,48,F,Widowed,Medium,0,2140.54,267.5675,8,2022-10-19,73,2.0,2022-08-07
421,34,F,Widowed,High,0,594.4200000000001,297.21000000000004,2,2022-12-06,25,1.0,2022-05-09
422,44,M,Single,Low,1,1770.89,252.98428571428573,7,2022-12-22,9,1.0,2022-02-06
423,53,F,Divorced,Low,0,1329.4499999999998,265.89,5,2022-11-29,32,,
424,67,F,Widowed,Medium,0,965.41,137.91571428571427,7,2022-10-06,86,1.0,2022-06-16
425,60,F,Widowed,Medium,0,1768.53,196.50333333333333,9,2022-10-03,89,2.0,2022-11-25
426,27,F,Divorced,High,0,1465.9299999999998,209.4185714285714,7,2022-11-21,40,,
427,62,F,Divorced,Low,0,521.56,173.85333333333332,3,2022-12-03,28,2.0,2022-12-14
428,31,M,Widowed,High,0,2414.15,301.76875,8,2022-06-11,203,2.0,2022-09-06
429,24,F,Married,Medium,0,1361.3899999999999,272.27799999999996,5,2022-12-20,11,2.0,2022-10-23
430,56,M,Married,Medium,0,148.98,148.98,1,2022-11-22,39,2.0,2022-12-14
431,57,F,Married,High,0,233.87,116.935,2,2022-12-09,22,1.0,2022-04-24
432,26,M,Married,Low,0,1834.48,262.06857142857143,7,2022-11-30,31,,
433,31,M,Single,Medium,1,1302.43,260.486,5,2022-10-08,84,,
434,25,F,Married,Medium,0,41.19,41.19,1,2022-05-30,215,2.0,2022-09-30
435,34,M,Widowed,Low,0,488.45,488.45,1,2022-01-31,334,1.0,2022-07-18
436,40,F,Widowed,Medium,0,543.99,181.33,3,2022-09-03,119,2.0,2022-12-03
437,33,M,Widowed,Low,0,1698.21,212.27625,8,2022-11-22,39,,
438,43,M,Married,Low,0,2131.01,304.43,7,2022-12-06,25,1.0,2022-04-09
439,26,F,Divorced,Medium,0,1373.54,196.22,7,2022-11-22,39,2.0,2022-06-28
440,53,M,Widowed,High,0,1920.61,240.07625,8,2022-12-07,24,2.0,2022-10-27
441,24,F,Married,Medium,1,2560.36,320.045,8,2022-12-31,0,1.0,2022-11-19
442,35,M,Single,Medium,0,412.55,412.55,1,2022-09-29,93,1.0,2022-10-22
443,25,F,Single,Medium,0,1115.64,223.12800000000001,5,2022-08-31,122,,
444,38,M,Widowed,Medium,0,387.51,193.755,2,2022-12-10,21,,
445,43,M,Divorced,High,0,1002.46,200.49200000000002,5,2022-10-27,65,2.0,2022-12-24
446,20,F,Single,High,0,1516.93,252.8216666666667,6,2022-09-12,110,2.0,2022-11-23
447,34,F,Married,High,0,169.69,169.69,1,2022-12-30,1,,
448,68,M,Married,Low,0,1461.03,208.71857142857144,7,2022-12-07,24,,
449,63,F,Single,High,0,1460.65,292.13,5,2022-10-03,89,2.0,2022-05-21
450,41,M,Widowed,Low,1,1527.63,305.526,5,2022-12-17,14,,
451,42,M,Widowed,Medium,0,364.46,182.23,2,2022-08-17,136,2.0,2022-10-11
452,22,M,Single,High,0,2341.48,292.685,8,2022-12-08,23,1.0,2022-06-18
453,54,F,Married,High,0,346.54,346.54,1,2022-07-30,154,,
454,62,F,Divorced,High,0,472.88,236.44,2,2022-12-26,5,,
455,67,F,Married,High,0,565.79,188.59666666666666,3,2022-12-18,13,2.0,2022-07-30
456,41,M,Divorced,High,0,2402.0,266.8888888888889,9,2022-11-23,38,1.0,2022-03-20
457,48,M,Divorced,Medium,0,1730.33,216.29125,8,2022-10-18,74,2.0,2022-08-07
458,43,M,Single,High,0,2767.15,307.4611111111111,9,2022-09-29,93,,
459,38,F,Widowed,Low,0,62.87,62.87,1,2022-09-24,98,1.0,2022-04-24
460,51,M,Divorced,Low,0,336.72,336.72,1,2022-05-04,241,2.0,2022-07-29
461,55,F,Married,High,0,449.87,449.87,1,2022-01-19,346,2.0,2022-07-23
462,41,F,Widowed,Low,1,391.36,130.45333333333335,3,2022-05-17,228,,
463,45,F,Widowed,High,0,1668.22,238.31714285714287,7,2022-12-08,23,,
464,47,F,Married,Medium,0,2166.33,240.70333333333332,9,2022-11-30,31,,
465,51,F,Single,Low,0,1217.08,304.27,4,2022-12-30,1,,
466,69,M,Widowed,High,1,1918.1599999999999,239.76999999999998,8,2022-10-27,65,,
467,69,M,Divorced,Low,0,1104.21,276.0525,4,2022-11-27,34,1.0,2022-04-18
468,40,M,Married,High,0,818.31,204.5775,4,2022-05-26,219,,
469,25,M,Divorced,Low,1,1626.7,271.1166666666667,6,2022-12-16,15,2.0,2022-07-01
470,59,F,Married,Medium,1,1916.68,319.44666666666666,6,2022-11-24,37,1.0,2022-03-19
471,67,F,Married,Low,0,1109.17,221.834,5,2022-09-03,119,2.0,2022-06-26
472,27,F,Widowed,Low,0,2217.2799999999997,246.36444444444442,9,2022-12-30,1,,
473,18,M,Married,Low,0,251.45999999999998,83.82,3,2022-12-23,8,,
474,37,M,Widowed,Low,0,2460.07,273.3411111111111,9,2022-12-27,4,2.0,2022-08-08
475,54,F,Married,High,0,1635.1299999999999,272.52166666666665,6,2022-11-02,59,1.0,2022-06-29
476,35,M,Widowed,Medium,0,2145.93,268.24125,8,2022-11-08,53,1.0,2022-10-17
477,38,M,Widowed,Medium,0,806.96,134.49333333333334,6,2022-12-04,27,,
478,66,M,Single,Low,1,1615.8400000000001,323.168,5,2022-11-16,45,,
479,21,F,Widowed,Low,0,1184.28,236.856,5,2022-11-05,56,2.0,2022-09-15
480,60,M,Widowed,Medium,1,1351.01,168.87625,8,2022-11-20,41,1.0,2022-01-10
481,19,F,Widowed,Medium,0,3386.04,376.2266666666667,9,2022-07-31,153,1.0,2022-04-21
482,38,M,Single,Medium,1,2624.42,291.6022222222222,9,2022-10-06,86,2.0,2022-03-14
483,54,F,Divorced,Medium,0,1262.48,210.41333333333333,6,2022-11-02,59,1.0,2022-11-07
484,22,M,Divorced,Low,0,988.39,141.19857142857143,7,2022-11-16,45,,
485,34,M,Single,Medium,0,2129.71,304.2442857142857,7,2022-12-20,11,1.0,2022-11-14
486,66,F,Widowed,Low,0,758.73,189.6825,4,2022-11-01,60,2.0,2022-08-03
487,65,F,Widowed,Low,0,1624.23,232.03285714285715,7,2022-12-24,7,2.0,2022-11-08
488,28,F,Married,Medium,1,393.84,393.84,1,2022-09-29,93,,
489,63,M,Divorced,High,0,1101.11,183.51833333333332,6,2022-11-20,41,,
490,58,F,Widowed,Low,0,2063.08,294.7257142857143,7,2022-11-20,41,2.0,2022-09-07
491,48,M,Widowed,Medium,1,1483.12,247.18666666666664,6,2022-11-07,54,1.0,2022-12-28
492,45,F,Divorced,Low,0,1491.8,298.36,5,2022-12-19,12,,
493,61,M,Widowed,High,0,976.0,244.0,4,2022-12-02,29,,
494,49,M,Single,Medium,0,269.73,269.73,1,2022-05-31,214,1.0,2022-11-07
495,38,M,Widowed,Low,0,1738.1399999999999,289.69,6,2022-12-08,23,1.0,2022-04-21
496,24,F,Widowed,High,0,216.79,108.395,2,2022-05-22,223,1.0,2022-01-27
497,27,M,Divorced,High,0,1554.77,259.12833333333333,6,2022-12-14,17,2.0,2022-05-28
498,45,F,Single,Low,1,763.91,381.955,2,2022-07-23,161,,
499,65,M,Married,Medium,0,458.77,229.385,2,2022-11-26,35,1.0,2022-01-07
500,53,M,Divorced,Medium,0,2429.2200000000003,269.91333333333336,9,2022-10-28,64,,
501,37,M,Married,Low,0,1317.1799999999998,164.64749999999998,8,2022-12-29,2,,
502,30,M,Married,High,0,703.3299999999999,175.83249999999998,4,2022-11-19,42,2.0,2022-04-03
503,36,F,Single,High,0,1336.58,222.76333333333332,6,2022-12-02,29,,
504,67,M,Married,High,0,551.93,183.97666666666666,3,2022-05-27,218,1.0,2022-06-06
505,28,M,Single,High,0,2312.7,330.38571428571424,7,2022-12-19,12,2.0,2022-05-14
506,52,F,Widowed,Low,1,1009.74,252.435,4,2022-03-19,287,2.0,2022-05-18
507,51,M,Single,High,1,2325.03,258.3366666666667,9,2022-10-11,81,2.0,2022-11-26
508,61,F,Divorced,Low,0,1536.61,307.322,5,2022-09-29,93,,
509,21,F,Married,Medium,1,2446.54,271.8377777777778,9,2022-12-27,4,1.0,2022-08-20
510,30,M,Single,Medium,1,392.1,392.1,1,2022-04-01,274,1.0,2022-10-24
511,54,M,Divorced,High,1,2027.8799999999999,225.32,9,2022-12-24,7,1.0,2022-01-06
512,19,F,Single,High,0,1362.35,272.46999999999997,5,2022-12-03,28,,
513,67,F,Married,High,0,172.81,172.81,1,2022-06-19,195,,
514,18,F,Married,Medium,0,1606.29,267.715,6,2022-10-28,64,,
515,57,F,Divorced,Low,0,1639.58,273.2633333333333,6,2022-12-03,28,,
516,42,F,Divorced,Low,1,612.22,204.07333333333335,3,2022-09-24,98,,
517,54,F,Divorced,Low,0,1073.98,214.796,5,2022-12-21,10,,
518,53,F,Divorced,High,1,3078.6,342.06666666666666,9,2022-11-13,48,2.0,2022-04-30
519,23,F,Divorced,Low,0,1894.4,210.4888888888889,9,2022-11-22,39,2.0,2022-07-10
520,24,M,Married,High,0,1959.29,391.858,5,2022-12-16,15,2.0,2022-08-28
521,21,F,Widowed,Medium,1,645.75,322.875,2,2022-04-12,263,2.0,2022-05-18
522,52,M,Divorced,Low,0,2557.54,284.1711111111111,9,2022-11-09,52,2.0,2022-09-11
523,58,M,Widowed,High,0,2090.02,232.22444444444443,9,2022-12-24,7,,
524,51,F,Divorced,Low,0,2565.36,285.04,9,2022-11-23,38,1.0,2022-08-09
525,46,F,Divorced,Medium,0,462.44,115.61,4,2022-09-16,106,1.0,2022-11-24
526,22,M,Divorced,Low,0,446.32,111.58,4,2022-09-25,97,1.0,2022-03-21
527,44,M,Married,Low,0,343.51,114.50333333333333,3,2022-12-22,9,,
528,50,F,Widowed,Medium,0,1353.55,225.59166666666667,6,2022-12-19,12,1.0,2022-12-12
529,63,F,Married,High,0,2333.7200000000003,291.71500000000003,8,2022-11-21,40,1.0,2022-01-13
530,69,F,Single,High,1,1311.6399999999999,218.60666666666665,6,2022-11-26,35,,
531,27,F,Divorced,High,1,2008.12,223.12444444444444,9,2022-11-15,46,1.0,2022-09-11
532,23,M,Divorced,Low,0,2372.58,296.5725,8,2022-11-21,40,2.0,2022-08-01
533,51,M,Widowed,Low,0,388.31,388.31,1,2022-09-11,111,1.0,2022-01-16
534,25,M,Married,High,0,536.31,178.76999999999998,3,2022-12-03,28,2.0,2022-11-12
535,48,M,Married,High,0,2145.98,268.2475,8,2022-11-27,34,,
536,26,M,Married,Low,0,1639.36,409.84,4,2022-08-20,133,1.0,2022-07-20
537,38,M,Divorced,High,1,2067.57,344.595,6,2022-12-29,2,,
538,25,M,Widowed,High,0,651.88,325.94,2,2022-07-20,164,2.0,2022-12-19
539,21,F,Single,Low,0,1286.35,214.39166666666665,6,2022-09-07,115,2.0,2022-09-17
540,39,F,Single,Medium,0,649.47,324.735,2,2022-04-30,245,1.0,2022-07-10
541,45,F,Married,Low,0,185.03,92.515,2,2022-07-08,176,2.0,2022-09-02
542,62,F,Widowed,High,0,344.77,114.92333333333333,3,2022-10-07,85,,
543,21,M,Married,High,1,939.83,187.966,5,2022-12-09,22,1.0,2022-02-06
544,56,M,Married,Medium,0,1099.45,274.8625,4,2022-12-28,3,1.0,2022-06-04
545,38,F,Married,Medium,1,452.87,226.435,2,2022-10-02,90,2.0,2022-09-07
546,25,M,Single,Low,0,575.05,287.525,2,2022-01-25,340,2.0,2022-09-04
547,37,M,Single,Medium,0,716.14,238.71333333333334,3,2022-12-10,21,,
548,49,M,Married,High,0,2116.14,235.12666666666667,9,2022-12-21,10,,
549,18,M,Widowed,High,0,358.67,179.335,2,2022-10-26,66,,
550,23,F,Single,High,0,2140.26,267.5325,8,2022-12-22,9,2.0,2022-12-22
551,45,F,Married,High,0,3027.91,336.4344444444444,9,2022-12-01,30,2.0,2022-06-30
552,61,F,Single,Medium,0,1049.96,349.9866666666667,3,2022-09-02,120,,
553,48,F,Divorced,High,0,2125.61,303.65857142857146,7,2022-11-28,33,,
554,27,M,Divorced,High,0,1822.54,303.75666666666666,6,2022-12-25,6,1.0,2022-03-30
555,37,F,Single,High,0,393.99,196.995,2,2022-10-14,78,,
556,25,M,Married,Low,0,2132.54,304.6485714285714,7,2022-12-29,2,1.0,2022-11-01
557,39,F,Single,Low,0,1179.98,393.32666666666665,3,2022-12-14,17,2.0,2022-12-23
558,55,M,Widowed,High,0,1722.97,287.1616666666667,6,2022-11-22,39,,
559,46,F,Married,Medium,0,2151.66,307.38,7,2022-10-17,75,1.0,2022-01-19
560,26,M,Married,Medium,1,203.34,101.67,2,2022-12-10,21,,
561,61,M,Married,Low,0,1369.4,228.23333333333335,6,2022-12-25,6,1.0,2022-04-21
562,64,M,Married,Low,1,2160.95,240.10555555555553,9,2022-11-20,41,,
563,18,M,Widowed,Medium,0,1090.13,218.026,5,2022-12-20,11,,
564,58,M,Single,Low,0,1859.23,265.6042857142857,7,2022-12-06,25,,
565,69,M,Single,Low,1,2436.25,406.0416666666667,6,2022-12-04,27,2.0,2022-10-29
566,56,M,Divorced,High,0,1867.21,266.7442857142857,7,2022-12-02,29,,
567,43,M,Married,Medium,0,472.36,472.36,1,2022-01-10,355,,
568,28,M,Divorced,High,0,1051.21,350.40333333333336,3,2022-10-14,78,1.0,2022-07-11
569,69,F,Widowed,Low,0,1550.8500000000001,258.475,6,2022-12-07,24,1.0,2022-10-21
570,52,F,Single,Low,0,2358.04,336.86285714285714,7,2022-09-16,106,2.0,2022-10-30
571,41,F,Single,Low,0,962.48,320.82666666666665,3,2022-10-27,65,1.0,2022-03-14
572,50,F,Married,Low,0,538.06,269.03,2,2022-12-29,2,,
573,37,F,Single,Medium,0,1331.4,266.28000000000003,5,2022-11-04,57,,
574,44,M,Widowed,Medium,1,2437.4,270.82222222222225,9,2022-12-31,0,1.0,2022-09-30
575,32,F,Widowed,Medium,0,1550.26,172.2511111111111,9,2022-11-02,59,2.0,2022-09-14
576,50,F,Married,Medium,1,755.9300000000001,188.98250000000002,4,2022-08-31,122,2.0,2022-08-30
577,69,M,Divorced,High,1,2373.23,296.65375,8,2022-10-06,86,1.0,2022-07-21
578,24,F,Married,High,0,715.6,238.53333333333333,3,2022-10-17,75,1.0,2022-09-21
579,51,F,Widowed,High,1,402.41,201.205,2,2022-07-21,163,,
580,62,M,Single,Low,0,232.75,116.375,2,2022-12-11,20,2.0,2022-12-02
581,68,F,Single,Medium,0,407.65999999999997,203.82999999999998,2,2022-07-04,180,1.0,2022-07-24
582,63,F,Single,Medium,0,1876.3600000000001,268.0514285714286,7,2022-10-14,78,,
583,59,M,Widowed,Medium,0,783.96,195.99,4,2022-09-08,114,,
584,22,M,Divorced,High,0,1677.08,239.58285714285714,7,2022-08-18,135,2.0,2022-06-18
585,47,M,Married,Low,0,1709.36,284.8933333333333,6,2022-10-23,69,2.0,2022-07-13
586,45,M,Divorced,Low,1,1667.53,333.506,5,2022-05-21,224,1.0,2022-03-12
587,35,F,Single,Low,0,623.49,207.83,3,2022-11-18,43,1.0,2022-12-18
588,53,F,Married,High,1,1726.51,215.81375,8,2022-12-14,17,2.0,2022-06-11
589,20,F,Widowed,Medium,1,2356.94,261.88222222222225,9,2022-12-29,2,2.0,2022-11-19
590,38,M,Widowed,High,0,1383.59,153.73222222222222,9,2022-12-01,30,,
591,63,F,Divorced,Medium,0,215.12,215.12,1,2022-06-09,205,2.0,2022-08-27
592,33,M,Married,Low,0,2642.14,330.2675,8,2022-11-27,34,,
593,54,F,Single,Medium,0,2959.62,328.84666666666664,9,2022-12-26,5,1.0,2022-09-15
594,59,M,Divorced,Low,0,2544.69,282.74333333333334,9,2022-12-30,1,2.0,2022-12-25
595,22,F,Widowed,Low,0,2270.36,283.795,8,2022-09-12,110,1.0,2022-10-26
596,67,F,Married,Low,0,1346.76,269.352,5,2022-09-21,101,,
597,68,M,Married,Medium,0,1726.8999999999999,246.7,7,2022-10-17,75,1.0,2022-07-21
598,31,M,Widowed,High,0,1906.1000000000001,272.3,7,2022-12-26,5,,
599,48,M,Single,Low,0,2347.42,260.82444444444445,9,2022-09-24,98,2.0,2022-11-08
600,63,F,Single,Medium,0,865.0,216.25,4,2022-11-17,44,1.0,2022-05-05
601,41,F,Widowed,Low,0,2473.79,309.22375,8,2022-11-13,48,2.0,2022-04-15
602,52,M,Widowed,Medium,1,1158.83,128.7588888888889,9,2022-10-22,70,,
603,53,M,Single,High,0,1476.4,295.28000000000003,5,2022-12-12,19,,
604,27,M,Divorced,Low,0,437.92999999999995,145.97666666666666,3,2022-10-24,68,2.0,2022-09-22
605,44,M,Divorced,Low,1,1187.98,296.995,4,2022-12-24,7,,
606,44,F,Married,Low,0,271.99,271.99,1,2022-07-19,165,,
607,40,M,Married,High,1,1489.51,297.902,5,2022-12-19,12,1.0,2022-11-16
608,30,M,Divorced,Medium,0,2463.96,273.7733333333333,9,2022-12-29,2,1.0,2022-09-05
609,33,F,Married,Low,0,110.77,110.77,1,2022-07-25,159,2.0,2022-08-13
610,52,F,Divorced,Low,0,1504.22,300.844,5,2022-09-20,102,,
611,44,M,Married,High,0,624.87,208.29,3,2022-10-23,69,1.0,2022-06-27
612,69,F,Divorced,Medium,0,1688.29,241.18428571428572,7,2022-12-14,17,2.0,2022-08-13
613,56,M,Married,High,0,612.18,204.05999999999997,3,2022-11-26,35,,
614,64,F,Married,High,1,1239.16,413.05333333333334,3,2022-12-10,21,1.0,2022-11-15
615,34,F,Divorced,Low,0,481.67999999999995,160.55999999999997,3,2022-06-22,192,2.0,2022-08-12
616,65,M,Single,Medium,1,1674.35,209.29375,8,2022-09-07,115,1.0,2022-08-19
617,58,F,Divorced,Low,1,2146.58,306.6542857142857,7,2022-12-08,23,,
618,18,M,Divorced,Low,1,1025.54,146.50571428571428,7,2022-12-07,24,2.0,2022-05-14
619,28,M,Widowed,High,1,244.19,244.19,1,2022-04-10,265,1.0,2022-11-25
620,29,F,Single,High,0,694.35,231.45000000000002,3,2022-12-17,14,1.0,2022-02-27
621,31,F,Married,Low,0,204.8,102.4,2,2022-02-18,316,1.0,2022-07-28
622,25,M,Single,High,0,754.54,150.908,5,2022-12-06,25,1.0,2022-06-27
623,48,F,Single,High,0,1074.25,153.46428571428572,7,2022-11-20,41,2.0,2022-11-19
624,24,F,Single,Medium,0,934.44,233.61,4,2022-08-23,130,,
625,63,F,Widowed,Low,1,2452.39,272.48777777777775,9,2022-12-22,9,,
626,48,M,Widowed,Low,0,2416.9,302.1125,8,2022-12-03,28,,
627,33,F,Married,Medium,1,1929.48,321.58,6,2022-09-05,117,1.0,2022-07-11
628,59,F,Divorced,High,0,67.65,67.65,1,2022-05-03,242,1.0,2022-11-26
629,56,M,Single,Medium,0,657.3699999999999,219.1233333333333,3,2022-10-17,75,2.0,2022-09-10
630,61,F,Married,Medium,1,942.44,471.22,2,2022-09-26,96,1.0,2022-03-10
631,36,M,Married,Medium,0,238.83,238.83,1,2022-05-12,233,2.0,2022-11-13
632,25,M,Widowed,High,0,1060.8600000000001,176.81000000000003,6,2022-11-08,53,1.0,2022-02-07
633,46,M,Divorced,Medium,0,1985.72,248.215,8,2022-12-29,2,2.0,2022-07-22
634,19,M,Divorced,Low,0,1053.54,263.385,4,2022-09-29,93,2.0,2022-11-16
635,59,F,Widowed,High,0,1574.74,314.948,5,2022-05-31,214,1.0,2022-03-17
636,20,M,Single,Medium,0,1041.72,208.344,5,2022-11-20,41,2.0,2022-12-19
637,68,M,Widowed,Medium,0,1629.96,203.745,8,2022-10-19,73,1.0,2022-07-07
638,46,M,Married,Medium,0,194.63,97.315,2,2022-10-03,89,,
639,32,F,Widowed,Medium,0,1874.22,234.2775,8,2022-12-29,2,1.0,2022-09-24
640,55,M,Divorced,Medium,0,2408.65,301.08125,8,2022-12-19,12,2.0,2022-08-30
641,45,M,Single,Medium,1,1717.5700000000002,190.84111111111113,9,2022-11-27,34,2.0,2022-03-04
642,54,M,Married,Low,0,1587.38,264.56333333333333,6,2022-07-10,174,1.0,2022-10-18
643,49,M,Married,High,1,1060.42,151.48857142857145,7,2022-12-28,3,,
644,47,M,Divorced,Low,1,266.05,133.025,2,2022-11-05,56,1.0,2022-06-12
645,68,M,Widowed,Medium,0,328.56,328.56,1,2022-08-01,152,2.0,2022-10-18
646,64,M,Married,Medium,1,163.69,163.69,1,2022-05-07,238,,
647,47,M,Widowed,Medium,0,12.46,12.46,1,2022-01-12,353,2.0,2022-06-24
648,68,M,Married,Low,0,1028.17,342.72333333333336,3,2022-07-04,180,1.0,2022-03-09
649,51,M,Divorced,Medium,0,759.5699999999999,189.89249999999998,4,2022-11-11,50,1.0,2022-09-17
650,30,M,Married,Low,1,499.67,249.835,2,2022-12-29,2,1.0,2022-09-15
651,50,M,Married,High,0,1467.02,209.5742857142857,7,2022-12-09,22,,
652,59,F,Single,Low,0,1245.86,249.17199999999997,5,2022-10-13,79,2.0,2022-06-15
653,34,F,Married,Low,0,392.17,392.17,1,2022-08-31,122,1.0,2022-12-04
654,20,M,Divorced,High,0,1437.17,159.68555555555557,9,2022-10-30,62,1.0,2022-03-14
655,26,F,Married,Medium,0,2097.25,233.02777777777777,9,2022-08-07,146,2.0,2022-12-16
656,69,F,Divorced,Low,0,1567.52,223.93142857142857,7,2022-11-16,45,,
657,28,F,Widowed,High,1,1135.3,227.06,5,2022-09-05,117,1.0,2022-09-01
658,66,M,Divorced,Low,1,1132.79,188.79833333333332,6,2022-09-14,108,1.0,2022-02-07
659,44,F,Widowed,Low,0,1658.16,276.36,6,2022-11-30,31,2.0,2022-08-16
660,45,F,Married,High,0,2676.26,334.5325,8,2022-10-19,73,2.0,2022-08-25
661,19,M,Divorced,Low,0,1579.69,197.46125,8,2022-12-23,8,,
662,18,F,Single,High,0,758.41,189.6025,4,2022-07-13,171,,
663,23,F,Divorced,Low,0,1160.99,193.49833333333333,6,2022-09-19,103,1.0,2022-02-23
664,42,F,Widowed,Medium,0,1972.94,328.8233333333333,6,2022-11-27,34,1.0,2022-10-29
665,52,F,Widowed,High,0,1405.19,281.038,5,2022-08-30,123,1.0,2022-12-30
666,33,M,Single,Medium,0,474.38,474.38,1,2022-01-14,351,,
667,21,F,Divorced,Low,0,1442.15,240.35833333333335,6,2022-08-27,126,1.0,2022-03-08
668,64,M,Married,Medium,0,1668.59,238.36999999999998,7,2022-12-25,6,1.0,2022-12-15
669,55,F,Divorced,High,0,2232.41,279.05125,8,2022-11-02,59,2.0,2022-12-20
670,61,F,Divorced,Low,0,143.34,143.34,1,2022-11-05,56,,
671,37,F,Divorced,High,0,2587.47,287.49666666666667,9,2022-12-11,20,1.0,2022-10-22
672,42,F,Single,Low,0,77.31,77.31,1,2022-05-30,215,2.0,2022-06-25
673,24,F,Single,Medium,0,1779.5,222.4375,8,2022-12-06,25,2.0,2022-03-31
674,38,M,Single,Medium,1,2314.49,257.16555555555556,9,2022-09-20,102,2.0,2022-03-20
675,24,M,Single,High,0,2461.3,273.4777777777778,9,2022-12-26,5,2.0,2022-07-21
676,46,M,Single,High,0,923.55,184.70999999999998,5,2022-12-30,1,,
677,69,F,Married,Low,1,308.82,308.82,1,2022-04-22,253,2.0,2022-08-12
678,24,M,Divorced,High,0,864.3,216.075,4,2022-12-10,21,1.0,2022-10-09
679,20,F,Divorced,High,0,1700.3,242.9,7,2022-12-26,5,2.0,2022-07-20
680,46,M,Married,Medium,0,2490.85,276.7611111111111,9,2022-12-13,18,,
681,46,M,Married,High,0,1463.19,365.7975,4,2022-09-26,96,,
682,56,M,Married,High,1,1084.11,216.82199999999997,5,2022-12-16,15,1.0,2022-08-16
683,55,F,Married,Low,0,1383.28,276.656,5,2022-11-24,37,2.0,2022-06-14
684,23,M,Single,Medium,0,1240.94,248.18800000000002,5,2022-11-16,45,1.0,2022-01-21
685,63,F,Divorced,Medium,1,534.74,267.37,2,2022-03-18,288,,
686,27,M,Married,Low,0,1019.6700000000001,254.91750000000002,4,2022-12-04,27,,
687,54,F,Widowed,Medium,0,1446.69,160.74333333333334,9,2022-12-17,14,1.0,2022-01-16
688,31,F,Married,Low,0,2281.4700000000003,253.4966666666667,9,2022-12-12,19,2.0,2022-12-03
689,39,F,Divorced,Low,0,897.51,224.3775,4,2022-12-21,10,,
690,49,F,Widowed,High,0,638.06,212.68666666666664,3,2022-12-20,11,,
691,35,F,Married,High,1,683.19,341.595,2,2022-11-21,40,,
692,53,F,Single,Low,0,1421.26,284.252,5,2022-11-23,38,,
693,63,F,Single,High,0,2154.62,269.3275,8,2022-12-15,16,1.0,2022-07-07
694,69,F,Widowed,High,0,1500.44,214.34857142857143,7,2022-10-03,89,,
695,26,F,Single,Medium,1,2615.4300000000003,290.60333333333335,9,2022-12-25,6,2.0,2022-04-19
696,43,F,Widowed,Medium,1,55.77,55.77,1,2022-03-27,279,1.0,2022-10-19
697,39,M,Married,High,0,489.1,244.55,2,2022-09-14,108,,
698,63,F,Divorced,Low,0,273.02,136.51,2,2022-11-07,54,,
699,55,M,Widowed,Low,1,994.16,248.54,4,2022-11-26,35,,
700,40,M,Married,High,0,2810.28,351.285,8,2022-09-17,105,2.0,2022-03-03
701,34,F,Widowed,High,0,2395.1,266.1222222222222,9,2022-11-01,60,,
702,43,M,Divorced,Low,1,681.77,136.35399999999998,5,2022-10-18,74,,
703,64,F,Single,Medium,0,1289.55,184.22142857142856,7,2022-11-03,58,2.0,2022-07-19
704,55,F,Single,Medium,0,948.6800000000001,316.2266666666667,3,2022-04-30,245,,
705,19,M,Widowed,Low,0,1783.47,254.78142857142856,7,2022-08-26,127,2.0,2022-10-14
706,23,F,Divorced,High,0,104.0,104.0,1,2022-05-24,221,1.0,2022-05-23
707,24,M,Married,Medium,0,35.24,35.24,1,2022-04-15,260,1.0,2022-02-02
708,30,M,Married,Low,0,807.48,269.16,3,2022-12-15,16,1.0,2022-04-07
709,44,M,Married,High,0,346.94,346.94,1,2022-05-11,234,,
710,28,M,Widowed,High,0,1373.66,228.94333333333336,6,2022-12-05,26,,
711,32,F,Single,Medium,0,391.99,391.99,1,2022-05-27,218,1.0,2022-10-12
712,26,F,Widowed,High,0,1159.3899999999999,231.878,5,2022-12-03,28,2.0,2022-06-26
713,25,F,Widowed,Low,0,1792.54,224.0675,8,2022-11-06,55,1.0,2022-02-23
714,63,M,Widowed,Low,0,1170.32,146.29,8,2022-12-24,7,,
715,23,F,Married,Low,0,555.91,277.955,2,2022-08-10,143,1.0,2022-10-27
716,65,M,Divorced,Low,1,3220.3,357.81111111111113,9,2022-11-17,44,2.0,2022-05-07
717,60,M,Widowed,High,0,1950.63,278.6614285714286,7,2022-09-30,92,2.0,2022-11-15
718,21,M,Married,Low,0,1845.21,307.535,6,2022-10-17,75,1.0,2022-08-17
719,28,M,Widowed,Medium,0,434.86,217.43,2,2022-09-26,96,,
720,68,M,Widowed,High,0,1551.13,258.5216666666667,6,2022-09-21,101,2.0,2022-06-24
721,45,M,Married,High,0,921.3299999999999,184.266,5,2022-07-16,168,,
722,43,F,Divorced,High,0,814.74,271.58,3,2022-12-05,26,1.0,2022-07-04
723,21,F,Divorced,Low,0,2143.56,306.22285714285715,7,2022-11-03,58,2.0,2022-12-07
724,32,F,Single,High,0,477.73,238.865,2,2022-05-25,220,1.0,2022-01-25
725,36,M,Widowed,Low,0,627.29,313.645,2,2022-05-05,240,,
726,23,M,Single,Low,0,2048.2,256.025,8,2022-12-22,9,1.0,2022-10-30
727,22,F,Married,High,0,1252.1,208.6833333333333,6,2022-12-23,8,,
728,35,F,Widowed,High,0,1552.44,310.488,5,2022-11-04,57,1.0,2022-10-09
729,23,F,Married,Low,0,161.07,80.535,2,2022-12-19,12,1.0,2022-07-23
730,48,M,Single,High,0,1247.79,207.965,6,2022-09-17,105,1.0,2022-02-26
731,42,F,Married,High,0,1559.5,194.9375,8,2022-10-02,90,,
732,21,F,Married,Low,0,1865.72,207.3022222222222,9,2022-09-09,113,1.0,2022-01-18
733,23,M,Divorced,Low,1,681.14,227.04666666666665,3,2022-11-11,50,2.0,2022-03-22
734,58,M,Widowed,High,0,1047.12,209.42399999999998,5,2022-10-31,61,2.0,2022-12-11
735,54,F,Widowed,Low,0,2165.4900000000002,270.68625000000003,8,2022-12-15,16,2.0,2022-08-14
736,67,F,Widowed,Low,0,576.3,192.1,3,2022-08-04,149,1.0,2022-08-05
737,42,M,Married,Medium,0,2132.05,236.89444444444447,9,2022-11-17,44,2.0,2022-09-05
738,51,M,Divorced,High,0,675.36,225.12,3,2022-05-17,228,2.0,2022-11-05
739,36,M,Single,High,0,338.96999999999997,169.48499999999999,2,2022-10-09,83,,
740,51,M,Widowed,High,0,2094.81,232.75666666666666,9,2022-12-02,29,1.0,2022-07-03
741,32,F,Married,High,0,2317.66,289.7075,8,2022-12-15,16,1.0,2022-06-11
742,67,F,Divorced,High,1,583.1,291.55,2,2022-07-01,183,,
743,25,F,Divorced,Low,0,1118.41,279.6025,4,2022-12-15,16,2.0,2022-03-08
744,61,F,Widowed,High,0,1132.03,188.67166666666665,6,2022-10-13,79,,
745,64,F,Divorced,High,0,2639.2799999999997,293.25333333333333,9,2022-11-27,34,,
746,66,M,Divorced,Medium,0,604.8199999999999,302.40999999999997,2,2022-10-20,72,1.0,2022-10-01
747,51,M,Married,Low,0,967.0799999999999,241.76999999999998,4,2022-12-25,6,2.0,2022-03-09
748,35,F,Single,High,1,284.57,142.285,2,2022-11-18,43,,
749,47,M,Divorced,High,0,618.27,206.09,3,2022-12-22,9,2.0,2022-09-03
750,30,F,Single,High,0,2600.41,325.05125,8,2022-12-05,26,2.0,2022-07-29
751,64,F,Divorced,High,0,1172.35,195.39166666666665,6,2022-09-26,96,1.0,2022-12-28
752,50,F,Divorced,Low,0,2056.76,228.5288888888889,9,2022-12-06,25,2.0,2022-12-29
753,52,F,Divorced,Medium,1,1560.95,260.15833333333336,6,2022-11-16,45,2.0,2022-11-03
754,69,M,Widowed,Medium,0,1122.07,280.5175,4,2022-10-26,66,,
755,41,F,Widowed,High,0,539.68,179.89333333333332,3,2022-06-22,192,,
756,43,F,Widowed,Medium,0,2081.7,346.95,6,2022-05-24,221,,
757,64,F,Single,Medium,1,1484.12,296.82399999999996,5,2022-11-08,53,1.0,2022-11-26
758,68,M,Single,Medium,0,1725.5,191.72222222222223,9,2022-12-12,19,2.0,2022-12-14
759,61,F,Widowed,Medium,0,575.97,287.985,2,2022-03-15,291,1.0,2022-05-19
760,59,M,Single,Medium,0,477.75,477.75,1,2022-05-10,235,2.0,2022-06-17
761,64,M,Married,Low,0,1309.22,145.4688888888889,9,2022-12-18,13,1.0,2022-05-14
762,18,F,Single,Low,1,2577.9500000000003,286.4388888888889,9,2022-09-15,107,1.0,2022-03-09
763,30,M,Married,Low,1,693.13,138.626,5,2022-11-11,50,2.0,2022-12-14
764,27,M,Widowed,Medium,0,496.99,496.99,1,2022-01-25,340,,
765,36,F,Married,Low,0,1079.2,215.84,5,2022-09-12,110,1.0,2022-10-31
766,22,F,Widowed,Medium,0,910.23,303.41,3,2022-06-08,206,2.0,2022-09-22
767,25,M,Widowed,Medium,0,2189.69,273.71125,8,2022-12-22,9,,
768,21,F,Widowed,Low,0,1068.46,213.692,5,2022-08-17,136,,
769,66,M,Single,High,0,1257.45,251.49,5,2022-07-04,180,2.0,2022-03-26
770,30,F,Divorced,Medium,0,970.67,161.77833333333334,6,2022-11-08,53,2.0,2022-10-17
771,55,F,Divorced,Medium,0,1500.63,214.3757142857143,7,2022-12-13,18,2.0,2022-05-22
772,63,F,Married,Low,0,1124.58,281.145,4,2022-10-29,63,2.0,2022-12-19
773,66,M,Divorced,Medium,0,1918.91,239.86375,8,2022-12-18,13,,
774,63,M,Widowed,Medium,0,41.49,41.49,1,2022-02-03,331,,
775,36,M,Divorced,Medium,1,1586.9,317.38,5,2022-12-02,29,1.0,2022-12-09
776,69,F,Married,Low,0,1647.73,329.546,5,2022-12-23,8,2.0,2022-08-30
777,67,M,Widowed,High,1,1488.0,248.0,6,2022-10-05,87,,
778,25,F,Single,High,0,2064.51,229.39000000000001,9,2022-11-11,50,2.0,2022-12-14
779,44,F,Widowed,Low,0,1563.06,260.51,6,2022-12-02,29,1.0,2022-03-31
780,67,M,Widowed,Medium,0,2107.59,301.0842857142857,7,2022-12-02,29,1.0,2022-09-11
781,64,F,Married,High,0,548.61,274.305,2,2022-07-20,164,1.0,2022-03-29
782,47,M,Single,Low,1,1042.79,208.558,5,2022-10-15,77,1.0,2022-07-14
783,21,F,Widowed,Low,0,1133.6799999999998,188.94666666666663,6,2022-10-23,69,,
784,28,M,Single,Medium,0,1567.71,391.9275,4,2022-10-07,85,2.0,2022-04-28
785,38,F,Widowed,Medium,0,1960.77,280.11,7,2022-12-19,12,1.0,2022-03-24
786,60,F,Widowed,Low,0,2141.4,237.93333333333334,9,2022-11-03,58,2.0,2022-08-04
787,19,M,Married,Low,0,1255.38,156.9225,8,2022-11-24,37,2.0,2022-10-27
788,38,M,Widowed,Low,1,1041.15,208.23000000000002,5,2022-12-21,10,,
789,34,F,Widowed,High,1,1755.6999999999998,219.46249999999998,8,2022-12-31,0,2.0,2022-07-21
790,60,M,Widowed,Medium,0,2782.16,309.12888888888887,9,2022-11-30,31,1.0,2022-08-11
791,68,F,Divorced,Low,1,441.32,220.66,2,2022-10-24,68,2.0,2022-11-12
792,46,F,Single,Medium,0,1381.17,276.23400000000004,5,2022-12-19,12,2.0,2022-12-20
793,44,F,Married,High,0,1189.15,198.1916666666667,6,2022-07-17,167,1.0,2022-08-22
794,41,F,Married,Low,0,2430.75,405.125,6,2022-12-01,30,2.0,2022-05-20
795,66,F,Married,Medium,0,993.04,248.26,4,2022-09-20,102,1.0,2022-11-10
796,20,M,Widowed,High,0,2309.95,256.6611111111111,9,2022-11-26,35,,
797,56,M,Single,Low,0,922.22,230.555,4,2022-12-05,26,1.0,2022-01-13
798,27,M,Divorced,Medium,0,953.9499999999999,158.99166666666665,6,2022-10-31,61,2.0,2022-04-01
799,20,F,Divorced,Low,1,912.13,228.0325,4,2022-09-19,103,1.0,2022-01-30
800,62,M,Married,Medium,0,1213.09,242.618,5,2022-12-22,9,2.0,2022-10-02
801,59,M,Single,Medium,0,1621.99,231.71285714285713,7,2022-12-30,1,,
802,43,M,Divorced,High,0,504.29,252.145,2,2022-12-05,26,2.0,2022-10-15
803,54,F,Married,High,0,2136.39,267.04875,8,2022-12-26,5,1.0,2022-11-22
804,44,M,Divorced,High,0,2218.53,316.9328571428572,7,2022-12-11,20,1.0,2022-10-16
805,22,M,Divorced,High,0,1100.6200000000001,183.4366666666667,6,2022-12-29,2,1.0,2022-06-09
806,59,M,Single,High,1,421.3,140.43333333333334,3,2022-11-06,55,1.0,2022-06-28
807,28,F,Married,Medium,1,1217.41,304.3525,4,2022-11-19,42,,
808,30,M,Divorced,High,0,1759.63,293.2716666666667,6,2022-10-07,85,2.0,2022-10-22
809,58,F,Widowed,Medium,0,1482.3600000000001,164.70666666666668,9,2022-12-07,24,,
810,51,F,Widowed,Medium,0,1290.08,322.52,4,2022-09-10,112,1.0,2022-09-05
811,55,M,Divorced,Low,0,871.11,435.555,2,2022-04-10,265,1.0,2022-06-21
812,57,F,Single,Medium,1,2042.29,291.7557142857143,7,2022-12-19,12,2.0,2022-07-13
813,50,M,Single,Medium,0,2206.29,275.78625,8,2022-12-24,7,,
814,51,F,Divorced,High,0,1650.27,183.36333333333334,9,2022-11-20,41,2.0,2022-09-04
815,44,M,Single,Medium,0,493.38,246.69,2,2022-12-17,14,,
816,53,M,Single,High,0,1299.37,162.42125,8,2022-10-26,66,,
817,43,F,Widowed,Medium,0,337.9,84.475,4,2022-08-19,134,,
818,68,M,Married,Medium,0,1295.74,161.9675,8,2022-12-16,15,1.0,2022-11-15
819,42,F,Married,High,0,985.26,197.052,5,2022-11-04,57,1.0,2022-08-26
820,36,M,Divorced,Low,0,566.46,283.23,2,2022-11-07,54,,
821,38,F,Divorced,Medium,0,304.95,152.475,2,2022-09-10,112,1.0,2022-05-30
822,48,F,Divorced,Medium,0,2275.24,252.8044444444444,9,2022-08-20,133,2.0,2022-06-06
823,46,F,Widowed,High,1,651.38,217.12666666666667,3,2022-08-28,125,1.0,2022-11-03
824,26,F,Widowed,High,0,318.01,318.01,1,2022-07-15,169,,
825,36,F,Single,Low,0,1087.05,120.78333333333333,9,2022-12-04,27,,
826,43,M,Widowed,Low,1,1099.45,183.24166666666667,6,2022-09-09,113,1.0,2022-05-24
827,42,M,Married,Low,1,2317.93,386.32166666666666,6,2022-12-15,16,,
828,57,F,Widowed,Medium,0,1361.59,340.3975,4,2022-11-06,55,1.0,2022-07-27
829,60,M,Divorced,Medium,0,144.37,144.37,1,2022-08-09,144,,
830,46,M,Married,High,0,395.99,197.995,2,2022-10-23,69,,
831,42,F,Single,High,1,1417.95,177.24375,8,2022-12-11,20,1.0,2022-06-28
832,36,F,Married,High,0,1463.62,292.724,5,2022-11-22,39,,
833,21,F,Widowed,Low,0,1000.79,200.158,5,2022-11-09,52,1.0,2022-04-23
834,62,F,Widowed,Low,0,1521.8600000000001,304.372,5,2022-12-18,13,1.0,2022-04-21
835,37,M,Single,Low,0,825.2,165.04000000000002,5,2022-09-25,97,1.0,2022-11-21
836,63,M,Divorced,Medium,1,1130.44,188.40666666666667,6,2022-07-18,166,2.0,2022-09-20
837,18,F,Single,Medium,0,1600.01,228.57285714285715,7,2022-11-04,57,,
838,28,M,Single,High,0,1729.93,192.21444444444444,9,2022-12-21,10,2.0,2022-10-21
839,21,M,Single,Low,0,1182.6,236.51999999999998,5,2022-12-16,15,,
840,24,F,Single,Medium,0,997.8299999999999,199.56599999999997,5,2022-12-24,7,1.0,2022-01-24
841,45,M,Widowed,Low,1,1829.46,228.6825,8,2022-12-14,17,1.0,2022-04-11
842,53,M,Divorced,Medium,0,2806.69,350.83625,8,2022-12-04,27,1.0,2022-08-05
843,24,F,Married,Low,0,1069.53,213.906,5,2022-12-03,28,1.0,2022-12-26
844,37,M,Divorced,Medium,0,1505.23,250.87166666666667,6,2022-12-03,28,,
845,52,M,Divorced,Medium,0,2238.86,279.8575,8,2022-12-23,8,,
846,68,M,Single,Medium,0,1667.48,333.496,5,2022-11-19,42,,
847,68,F,Divorced,Medium,0,1672.9299999999998,278.82166666666666,6,2022-08-17,136,2.0,2022-07-17
848,56,F,Single,High,1,690.1600000000001,345.08000000000004,2,2022-11-07,54,2.0,2022-09-04
849,38,M,Married,Low,0,830.54,166.108,5,2022-12-11,20,2.0,2022-10-16
850,61,F,Single,Medium,1,38.12,38.12,1,2022-04-13,262,,
851,18,M,Married,Medium,0,580.18,290.09,2,2022-12-15,16,1.0,2022-11-09
852,54,F,Divorced,Low,0,569.13,142.2825,4,2022-12-17,14,1.0,2022-07-15
853,63,M,Single,Medium,0,1178.95,392.98333333333335,3,2022-07-30,154,1.0,2022-05-30
854,59,F,Widowed,Medium,0,47.85,47.85,1,2022-11-01,60,2.0,2022-11-29
855,20,M,Married,Low,0,2656.16,332.02,8,2022-11-10,51,2.0,2022-12-13
856,51,M,Divorced,High,0,524.36,174.78666666666666,3,2022-10-02,90,,
857,30,F,Married,High,1,379.0,379.0,1,2022-07-16,168,1.0,2022-06-02
858,33,M,Single,Medium,0,224.33,112.165,2,2022-10-06,86,2.0,2022-08-07
859,51,M,Widowed,High,0,2320.9,257.8777777777778,9,2022-12-24,7,,
860,41,F,Married,High,0,410.36,205.18,2,2022-12-07,24,2.0,2022-04-05
861,30,F,Married,Medium,0,258.79,129.395,2,2022-11-30,31,1.0,2022-05-14
862,23,M,Married,Medium,0,1581.13,263.5216666666667,6,2022-12-17,14,,
863,56,M,Divorced,High,0,1031.04,147.29142857142855,7,2022-11-27,34,2.0,2022-06-29
864,19,M,Widowed,Medium,0,1537.15,219.59285714285716,7,2022-12-21,10,,
865,28,F,Widowed,Medium,0,2739.69,304.41,9,2022-09-12,110,1.0,2022-10-21
866,24,F,Widowed,High,0,440.09000000000003,220.04500000000002,2,2022-07-17,167,,
867,24,M,Married,Low,0,985.19,164.19833333333335,6,2022-12-10,21,,
868,56,M,Married,High,0,1858.01,309.66833333333335,6,2022-10-31,61,,
869,56,M,Married,High,1,1708.06,244.00857142857143,7,2022-10-14,78,2.0,2022-08-10
870,29,M,Married,High,0,358.81,358.81,1,2022-02-08,326,1.0,2022-11-29
871,68,F,Single,Medium,0,1268.83,317.2075,4,2022-10-23,69,2.0,2022-07-16
872,39,M,Single,High,0,2710.07,338.75875,8,2022-12-10,21,,
873,68,M,Divorced,Medium,0,868.72,289.5733333333333,3,2022-11-19,42,,
874,68,F,Married,Low,0,488.21,488.21,1,2022-09-05,117,2.0,2022-10-02
875,69,F,Divorced,High,0,2066.71,258.33875,8,2022-12-20,11,,
876,20,F,Widowed,Low,0,1940.62,242.5775,8,2022-12-28,3,1.0,2022-10-08
877,30,F,Married,High,0,2189.5499999999997,312.7928571428571,7,2022-12-01,30,,
878,47,M,Single,Medium,0,2181.62,272.7025,8,2022-10-09,83,,
879,27,M,Married,Low,0,328.09,328.09,1,2022-12-13,18,1.0,2022-09-15
880,69,F,Widowed,High,0,1311.23,187.31857142857143,7,2022-09-29,93,2.0,2022-07-06
881,26,F,Divorced,Low,0,189.28,189.28,1,2022-09-16,106,2.0,2022-09-30
882,23,M,Married,Medium,0,745.26,248.42,3,2022-11-12,49,,
883,61,M,Single,Medium,0,776.71,110.95857142857143,7,2022-10-21,71,2.0,2022-05-03
884,19,M,Widowed,High,0,2069.03,229.89222222222224,9,2022-12-06,25,1.0,2022-07-02
885,61,F,Widowed,High,0,2431.0299999999997,270.1144444444444,9,2022-10-29,63,2.0,2022-10-04
886,33,F,Divorced,Low,0,2197.83,313.9757142857143,7,2022-11-09,52,1.0,2022-04-08
887,30,F,Married,Medium,0,812.28,203.07,4,2022-08-06,147,2.0,2022-05-04
888,65,M,Single,Medium,0,436.94,145.64666666666668,3,2022-11-21,40,1.0,2022-01-30
889,30,M,Married,High,0,306.88,76.72,4,2022-11-03,58,,
890,39,M,Single,Medium,0,369.47,184.735,2,2022-07-11,173,2.0,2022-12-22
891,36,F,Divorced,Medium,0,1602.17,320.434,5,2022-12-27,4,2.0,2022-12-08
892,43,F,Widowed,Medium,0,183.21,183.21,1,2022-10-04,88,1.0,2022-04-24
893,31,M,Divorced,Low,0,3026.91,336.3233333333333,9,2022-09-28,94,2.0,2022-10-09
894,48,M,Widowed,Low,0,983.26,327.75333333333333,3,2022-11-08,53,2.0,2022-06-25
895,46,F,Married,Low,0,1649.0800000000002,235.58285714285716,7,2022-10-01,91,,
896,62,F,Widowed,Medium,0,1403.03,175.37875,8,2022-10-19,73,1.0,2022-10-12
897,59,F,Single,High,0,2125.28,265.66,8,2022-10-20,72,2.0,2022-12-17
898,39,M,Divorced,High,0,2794.0,310.44444444444446,9,2022-10-22,70,1.0,2022-08-25
899,24,M,Widowed,High,1,38.78,38.78,1,2022-07-30,154,1.0,2022-07-05
900,54,F,Widowed,Low,0,353.54,117.84666666666668,3,2022-12-26,5,1.0,2022-09-28
901,66,M,Married,Medium,0,517.94,258.97,2,2022-07-18,166,,
902,58,F,Married,Low,0,1040.2,148.6,7,2022-12-11,20,2.0,2022-09-15
903,44,M,Married,Low,1,762.78,190.695,4,2022-07-28,156,1.0,2022-08-02
904,48,M,Single,High,0,1684.39,240.62714285714287,7,2022-12-15,16,1.0,2022-06-02
905,23,M,Married,High,0,1222.55,152.81875,8,2022-10-26,66,1.0,2022-06-17
906,33,F,Widowed,Medium,1,1235.8,247.16,5,2022-12-29,2,,
907,55,M,Single,Low,0,54.82,54.82,1,2022-10-15,77,,
908,55,F,Married,Medium,0,1865.09,207.23222222222222,9,2022-11-25,36,2.0,2022-06-20
909,67,M,Widowed,Low,0,718.24,239.41333333333333,3,2022-10-13,79,,
910,49,F,Single,Medium,0,797.14,199.285,4,2022-11-15,46,,
911,50,F,Widowed,Low,0,1058.9,352.9666666666667,3,2022-08-10,143,,
912,66,F,Married,Medium,0,1915.01,212.7788888888889,9,2022-12-13,18,1.0,2022-11-11
913,34,F,Married,Low,0,267.44,267.44,1,2022-06-07,207,2.0,2022-10-20
914,50,F,Single,Low,0,1722.8,246.1142857142857,7,2022-12-08,23,2.0,2022-07-09
915,28,M,Divorced,High,0,1786.6,255.22857142857143,7,2022-12-15,16,,
916,30,M,Widowed,Low,0,1176.86,196.14333333333332,6,2022-11-30,31,,
917,47,F,Widowed,High,0,1799.3600000000001,224.92000000000002,8,2022-12-07,24,1.0,2022-06-17
918,18,F,Divorced,Medium,1,1140.8200000000002,285.20500000000004,4,2022-12-11,20,,
919,47,F,Divorced,High,1,1547.47,221.06714285714287,7,2022-11-05,56,,
920,44,M,Widowed,Low,0,2059.02,228.78,9,2022-10-07,85,1.0,2022-02-06
921,57,F,Single,High,0,1778.2,296.3666666666667,6,2022-12-20,11,1.0,2022-07-20
922,40,M,Divorced,High,0,1135.0,378.3333333333333,3,2022-10-16,76,1.0,2022-07-02
923,37,F,Married,Medium,0,2462.85,273.65,9,2022-10-30,62,2.0,2022-12-10
924,23,M,Single,High,1,760.13,380.065,2,2022-06-30,184,1.0,2022-10-02
925,54,F,Divorced,Medium,1,1930.4099999999999,386.082,5,2022-11-05,56,,
926,37,M,Married,Medium,1,157.62,157.62,1,2022-10-02,90,,
927,54,M,Married,High,1,1462.34,292.46799999999996,5,2022-10-14,78,,
928,23,F,Widowed,Low,0,2584.66,323.0825,8,2022-10-03,89,2.0,2022-12-05
929,46,F,Single,Medium,0,358.27,358.27,1,2022-07-21,163,,
930,30,F,Divorced,High,0,809.61,404.805,2,2022-06-07,207,,
931,44,F,Married,Medium,0,1985.28,397.056,5,2022-12-13,18,1.0,2022-07-15
932,67,M,Widowed,High,0,350.46,350.46,1,2022-02-11,323,1.0,2022-06-04
933,37,M,Divorced,High,0,74.06,74.06,1,2022-08-31,122,2.0,2022-05-02
934,30,M,Married,Low,0,282.29,282.29,1,2022-01-31,334,1.0,2022-02-24
935,56,M,Widowed,High,1,939.39,234.8475,4,2022-06-11,203,2.0,2022-04-10
936,25,M,Married,Medium,0,2591.57,287.95222222222225,9,2022-12-29,2,,
937,34,M,Widowed,Medium,1,1842.6599999999999,263.2371428571428,7,2022-10-12,80,2.0,2022-10-04
938,47,F,Widowed,Low,0,695.9300000000001,231.9766666666667,3,2022-08-03,150,1.0,2022-11-17
939,18,M,Single,Medium,0,394.48,394.48,1,2022-07-05,179,,
940,41,M,Divorced,Low,0,1536.43,219.49,7,2022-11-06,55,2.0,2022-09-09
941,33,M,Widowed,High,0,1440.83,240.13833333333332,6,2022-12-24,7,,
942,28,F,Married,High,0,1539.42,219.91714285714286,7,2022-11-21,40,,
943,21,M,Divorced,High,0,398.92,199.46,2,2022-08-02,151,1.0,2022-10-13
944,21,F,Divorced,Low,0,1280.1000000000001,256.02000000000004,5,2022-09-15,107,2.0,2022-09-26
945,34,M,Divorced,Medium,0,541.1999999999999,108.23999999999998,5,2022-09-05,117,,
946,66,M,Single,Medium,0,451.82,150.60666666666665,3,2022-11-01,60,,
947,27,F,Widowed,High,1,589.06,196.35333333333332,3,2022-09-13,109,1.0,2022-01-29
948,38,M,Widowed,Medium,1,1416.12,283.224,5,2022-10-08,84,,
949,55,M,Widowed,Low,0,956.3,239.075,4,2022-09-25,97,,
950,66,F,Widowed,Low,0,1085.17,271.2925,4,2022-12-01,30,,
951,35,F,Married,Low,0,1494.92,213.56,7,2022-10-23,69,2.0,2022-06-21
952,27,M,Widowed,Low,0,344.33,344.33,1,2022-01-25,340,1.0,2022-10-04
953,62,M,Divorced,Medium,0,2580.58,286.7311111111111,9,2022-12-22,9,2.0,2022-10-21
954,33,F,Widowed,Low,0,2009.3200000000002,334.8866666666667,6,2022-11-06,55,,
955,56,F,Widowed,Medium,0,1453.74,242.29,6,2022-12-15,16,2.0,2022-12-23
956,32,F,Widowed,High,0,858.04,286.0133333333333,3,2022-08-31,122,,
957,51,F,Widowed,Medium,0,32.8,32.8,1,2022-06-16,198,,
958,22,M,Single,Low,0,972.8,194.56,5,2022-10-16,76,1.0,2022-04-08
959,34,M,Divorced,Medium,0,285.35,285.35,1,2022-06-11,203,,
960,54,F,Single,High,0,1553.52,258.92,6,2022-10-19,73,2.0,2022-06-18
961,25,M,Divorced,High,0,964.3299999999999,321.4433333333333,3,2022-12-27,4,2.0,2022-12-10
962,41,F,Widowed,High,1,1021.08,255.27,4,2022-11-19,42,2.0,2022-06-13
963,45,F,Widowed,Medium,0,660.3299999999999,220.10999999999999,3,2022-12-27,4,2.0,2022-11-19
964,64,M,Divorced,Low,0,2348.82,260.98,9,2022-12-15,16,2.0,2022-11-01
965,25,F,Divorced,Low,1,213.98,213.98,1,2022-10-25,67,1.0,2022-05-17
966,40,F,Single,Medium,1,2097.75,299.67857142857144,7,2022-11-29,32,,
967,52,M,Single,Low,0,230.71,230.71,1,2022-07-24,160,,
968,48,M,Married,Low,0,344.12,172.06,2,2022-05-15,230,1.0,2022-12-04
969,34,F,Married,Medium,0,1296.96,324.24,4,2022-10-29,63,1.0,2022-11-12
970,45,M,Single,High,1,748.6800000000001,124.78000000000002,6,2022-10-23,69,2.0,2022-06-28
971,65,M,Married,Low,1,283.95,141.975,2,2022-08-06,147,,
972,65,M,Single,High,0,1105.44,368.48,3,2022-04-29,246,,
973,68,M,Single,Low,0,56.53,56.53,1,2022-12-07,24,,
974,29,M,Single,High,0,1789.81,298.3016666666667,6,2022-11-24,37,,
975,41,M,Married,High,1,1892.1799999999998,270.31142857142856,7,2022-12-09,22,,
976,32,F,Divorced,Low,0,557.62,278.81,2,2022-03-17,289,,
977,57,M,Widowed,Low,0,772.3399999999999,257.44666666666666,3,2022-08-21,132,2.0,2022-04-05
978,48,F,Married,Medium,0,1465.5,209.35714285714286,7,2022-11-10,51,1.0,2022-10-10
979,44,F,Widowed,Low,1,1711.28,244.46857142857144,7,2022-10-02,90,1.0,2022-07-24
980,52,F,Widowed,Low,0,2079.5,259.9375,8,2022-12-24,7,1.0,2022-09-07
981,35,M,Divorced,Medium,0,285.43,285.43,1,2022-02-27,307,,
982,53,M,Married,High,1,913.21,152.20166666666668,6,2022-09-17,105,1.0,2022-09-26
983,25,F,Widowed,Medium,0,1395.3000000000002,279.06000000000006,5,2022-11-21,40,2.0,2022-11-14
984,63,F,Divorced,High,0,1127.04,140.88,8,2022-12-22,9,1.0,2022-03-20
985,66,F,Divorced,Medium,0,1752.58,350.51599999999996,5,2022-12-22,9,2.0,2022-05-11
986,55,F,Single,Low,0,1392.61,198.9442857142857,7,2022-10-09,83,2.0,2022-05-27
987,22,M,Married,Low,1,1683.65,240.52142857142857,7,2022-12-22,9,,
988,31,F,Widowed,High,0,2543.12,282.56888888888886,9,2022-11-28,33,2.0,2022-04-12
989,55,M,Divorced,Low,1,1530.42,218.6314285714286,7,2022-09-18,104,2.0,2022-10-07
990,37,F,Widowed,High,1,483.5,483.5,1,2022-07-05,179,2.0,2022-10-25
991,61,M,Married,Medium,0,801.36,267.12,3,2022-12-23,8,,
992,26,M,Single,Low,0,311.62,311.62,1,2022-04-06,269,1.0,2022-09-29
993,50,F,Widowed,High,0,81.64,81.64,1,2022-02-17,317,,
994,35,F,Single,Medium,0,1801.34,200.14888888888888,9,2022-12-16,15,2.0,2022-07-02
995,23,F,Divorced,Low,1,1020.0,204.0,5,2022-12-27,4,1.0,2022-05-02
996,54,F,Single,Low,0,227.25,227.25,1,2022-07-24,160,,
997,19,M,Widowed,High,0,419.82,209.91,2,2022-10-25,67,,
998,47,M,Married,Low,0,252.15,252.15,1,2022-09-18,104,,
999,23,M,Widowed,High,0,2393.2599999999998,265.91777777777776,9,2022-12-07,24,,
1000,34,M,Widowed,Low,0,1670.79,278.465,6,2022-12-13,18,,
